"target","id","scorec"
1,1,4
2,1,6
3,1,4
4,1,1
5,1,7
6,1,6
7,1,6
8,1,5
9,1,5
1,2,3
2,2,4
3,2,6
4,2,2
5,2,7
6,2,4
7,2,6
8,2,3
9,2,3
1,3,3
2,3,5
3,3,7
4,3,4
5,3,7
6,3,4
7,3,6
8,3,4
9,3,4
1,4,3
2,4,6
3,4,6
4,4,1
5,4,5
6,4,6
7,4,8
8,4,5
9,4,4
1,5,4
2,5,6
3,5,5
4,5,4
5,5,7
6,5,4
7,5,6
8,5,4
9,5,3
1,6,3
2,6,6
3,6,5
4,6,3
5,6,8
6,6,4
7,6,4
8,6,3
9,6,4
1,7,2
2,7,6
3,7,6
4,7,3
5,7,8
6,7,4
7,7,4
8,7,3
9,7,5
1,8,3
2,8,5
3,8,6
4,8,3
5,8,6
6,8,4
7,8,7
8,8,5
9,8,4
1,9,4
2,9,6
3,9,8
4,9,3
5,9,4
6,9,4
7,9,5
8,9,4
9,9,5
1,10,0
2,10,3
3,10,5
4,10,2
5,10,4
6,10,3
7,10,4
8,10,3
9,10,4
1,11,1
2,11,3
3,11,3
4,11,1
5,11,2
6,11,4
7,11,4
8,11,2
9,11,4
1,12,2
2,12,6
3,12,7
4,12,4
5,12,9
6,12,5
7,12,7
8,12,3
9,12,4
1,13,4
2,13,6
3,13,8
4,13,3
5,13,9
6,13,5
7,13,7
8,13,5
9,13,4
1,14,3
2,14,4
3,14,8
4,14,3
5,14,7
6,14,5
7,14,6
8,14,3
9,14,4
1,15,2
2,15,3
3,15,5
4,15,3
5,15,5
6,15,3
7,15,2
8,15,2
9,15,0
1,16,1
2,16,6
3,16,6
4,16,3
5,16,7
6,16,4
7,16,5
8,16,2
9,16,4
1,17,2
2,17,4
3,17,4
4,17,3
5,17,5
6,17,5
7,17,6
8,17,4
9,17,5
1,18,4
2,18,6
3,18,6
4,18,3
5,18,6
6,18,3
7,18,6
8,18,0
9,18,3
1,19,3
2,19,6
3,19,6
4,19,4
5,19,9
6,19,4
7,19,7
8,19,6
9,19,3
1,20,2
2,20,6
3,20,6
4,20,3
5,20,8
6,20,5
7,20,4
8,20,2
9,20,4
1,21,2
2,21,5
3,21,8
4,21,3
5,21,7
6,21,4
7,21,6
8,21,3
9,21,5
1,22,4
2,22,6
3,22,7
4,22,4
5,22,8
6,22,5
7,22,7
8,22,4
9,22,2
1,23,4
2,23,6
3,23,4
4,23,1
5,23,6
6,23,3
7,23,6
8,23,2
9,23,5
1,24,3
2,24,6
3,24,5
4,24,3
5,24,8
6,24,5
7,24,5
8,24,2
9,24,4
1,25,3
2,25,5
3,25,7
4,25,4
5,25,8
6,25,5
7,25,8
8,25,4
9,25,4
1,26,3
2,26,6
3,26,8
4,26,4
5,26,5
6,26,5
7,26,7
8,26,4
9,26,4
1,27,4
2,27,4
3,27,7
4,27,4
5,27,8
6,27,4
7,27,4
8,27,0
9,27,4
1,28,2
2,28,6
3,28,8
4,28,3
5,28,7
6,28,5
7,28,5
8,28,1
9,28,1
1,29,4
2,29,6
3,29,7
4,29,3
5,29,4
6,29,4
7,29,6
8,29,3
9,29,3
1,30,4
2,30,5
3,30,7
4,30,4
5,30,7
6,30,5
7,30,6
8,30,2
9,30,4
1,31,2
2,31,6
3,31,5
4,31,3
5,31,9
6,31,5
7,31,5
8,31,2
9,31,3
1,32,3
2,32,5
3,32,2
4,32,3
5,32,6
6,32,5
7,32,5
8,32,2
9,32,4
1,33,3
2,33,4
3,33,8
4,33,4
5,33,7
6,33,5
7,33,6
8,33,5
9,33,3
1,34,2
2,34,6
3,34,6
4,34,4
5,34,3
6,34,5
7,34,4
8,34,1
9,34,4
1,35,4
2,35,6
3,35,8
4,35,3
5,35,6
6,35,5
7,35,8
8,35,3
9,35,4
1,36,4
2,36,5
3,36,7
4,36,4
5,36,5
6,36,4
7,36,4
8,36,1
9,36,4
1,37,3
2,37,5
3,37,7
4,37,4
5,37,9
6,37,5
7,37,7
8,37,4
9,37,4
1,38,3
2,38,4
3,38,2
4,38,3
5,38,6
6,38,3
7,38,6
8,38,3
9,38,4
1,39,4
2,39,5
3,39,6
4,39,4
5,39,9
6,39,6
7,39,6
8,39,4
9,39,5
1,40,3
2,40,6
3,40,6
4,40,4
5,40,6
6,40,3
7,40,7
8,40,2
9,40,2
1,41,4
2,41,6
3,41,8
4,41,5
5,41,7
6,41,6
7,41,5
8,41,3
9,41,4
1,42,2
2,42,5
3,42,6
4,42,4
5,42,5
6,42,4
7,42,5
8,42,3
9,42,1
1,43,2
2,43,5
3,43,7
4,43,3
5,43,7
6,43,4
7,43,8
8,43,0
9,43,4
1,44,3
2,44,4
3,44,6
4,44,4
5,44,9
6,44,5
7,44,6
8,44,2
9,44,2
1,45,3
2,45,5
3,45,6
4,45,2
5,45,8
6,45,2
7,45,8
8,45,2
9,45,5
1,46,4
2,46,6
3,46,6
4,46,3
5,46,8
6,46,4
7,46,5
8,46,5
9,46,5
1,47,1
2,47,3
3,47,3
4,47,1
5,47,2
6,47,4
7,47,5
8,47,0
9,47,3
1,48,2
2,48,5
3,48,6
4,48,3
5,48,7
6,48,5
7,48,6
8,48,3
9,48,5
1,49,1
2,49,6
3,49,3
4,49,3
5,49,5
6,49,3
7,49,7
8,49,3
9,49,3
1,50,3
2,50,6
3,50,8
4,50,4
5,50,5
6,50,4
7,50,4
8,50,2
9,50,4
1,51,3
2,51,6
3,51,7
4,51,4
5,51,8
6,51,4
7,51,7
8,51,1
9,51,5
1,52,3
2,52,6
3,52,6
4,52,4
5,52,7
6,52,5
7,52,6
8,52,5
9,52,2
1,53,3
2,53,5
3,53,6
4,53,2
5,53,5
6,53,3
7,53,6
8,53,2
9,53,5
1,54,2
2,54,5
3,54,4
4,54,1
5,54,6
6,54,5
7,54,5
8,54,1
9,54,1
1,55,3
2,55,5
3,55,5
4,55,3
5,55,5
6,55,4
7,55,7
8,55,4
9,55,3
1,56,3
2,56,6
3,56,6
4,56,3
5,56,9
6,56,5
7,56,6
8,56,4
9,56,5
1,57,4
2,57,5
3,57,8
4,57,3
5,57,5
6,57,6
7,57,6
8,57,5
9,57,3
1,58,2
2,58,4
3,58,5
4,58,2
5,58,7
6,58,3
7,58,2
8,58,0
9,58,4
1,59,2
2,59,2
3,59,4
4,59,2
5,59,5
6,59,6
7,59,5
8,59,1
9,59,3
1,60,4
2,60,5
3,60,8
4,60,2
5,60,5
6,60,6
7,60,5
8,60,5
9,60,5
1,61,4
2,61,6
3,61,4
4,61,2
5,61,6
6,61,6
7,61,6
8,61,3
9,61,5
1,62,3
2,62,4
3,62,6
4,62,1
5,62,4
6,62,4
7,62,4
8,62,3
9,62,3
1,63,2
2,63,4
3,63,5
4,63,3
5,63,3
6,63,2
7,63,3
8,63,2
9,63,3
1,64,1
2,64,3
3,64,5
4,64,2
5,64,6
6,64,4
7,64,4
8,64,2
9,64,5
1,65,3
2,65,5
3,65,7
4,65,3
5,65,9
6,65,3
7,65,5
8,65,3
9,65,3
1,66,4
2,66,5
3,66,8
4,66,3
5,66,8
6,66,4
7,66,6
8,66,3
9,66,4
1,67,4
2,67,6
3,67,8
4,67,4
5,67,8
6,67,5
7,67,6
8,67,2
9,67,4
1,68,3
2,68,5
3,68,6
4,68,2
5,68,7
6,68,5
7,68,5
8,68,3
9,68,3
1,69,3
2,69,5
3,69,2
4,69,3
5,69,4
6,69,5
7,69,3
8,69,4
9,69,3
1,70,2
2,70,4
3,70,8
4,70,1
5,70,7
6,70,2
7,70,2
8,70,3
9,70,4
1,71,3
2,71,4
3,71,6
4,71,2
5,71,7
6,71,2
7,71,5
8,71,3
9,71,4
1,72,4
2,72,3
3,72,6
4,72,2
5,72,6
6,72,5
7,72,6
8,72,2
9,72,4
1,73,2
2,73,2
3,73,6
4,73,2
5,73,2
6,73,3
7,73,4
8,73,0
9,73,3
1,74,3
2,74,6
3,74,6
4,74,4
5,74,8
6,74,2
7,74,6
8,74,6
9,74,4
1,75,4
2,75,2
3,75,6
4,75,2
5,75,7
6,75,4
7,75,5
8,75,1
9,75,4
1,76,2
2,76,2
3,76,4
4,76,5
5,76,4
6,76,1
7,76,5
8,76,2
9,76,4
1,77,1
2,77,1
3,77,8
4,77,3
5,77,9
6,77,3
7,77,3
8,77,1
9,77,4
1,78,4
2,78,4
3,78,8
4,78,3
5,78,8
6,78,4
7,78,5
8,78,2
9,78,4
1,79,4
2,79,5
3,79,5
4,79,4
5,79,6
6,79,4
7,79,5
8,79,4
9,79,4
1,80,1
2,80,2
3,80,3
4,80,2
5,80,2
6,80,2
7,80,2
8,80,1
9,80,3
1,81,0
2,81,4
3,81,3
4,81,3
5,81,4
6,81,4
7,81,2
8,81,0
9,81,5
1,82,3
2,82,4
3,82,3
4,82,2
5,82,7
6,82,3
7,82,5
8,82,1
9,82,3
1,83,1
2,83,5
3,83,6
4,83,2
5,83,5
6,83,5
7,83,4
8,83,1
9,83,4
1,84,1
2,84,4
3,84,2
4,84,3
5,84,4
6,84,2
7,84,2
8,84,0
9,84,4
1,85,0
2,85,2
3,85,4
4,85,1
5,85,6
6,85,2
7,85,2
8,85,2
9,85,4
1,86,1
2,86,4
3,86,4
4,86,2
5,86,5
6,86,0
7,86,3
8,86,1
9,86,4
1,87,3
2,87,5
3,87,5
4,87,3
5,87,6
6,87,6
7,87,6
8,87,5
9,87,3
1,88,1
2,88,1
3,88,5
4,88,2
5,88,2
6,88,3
7,88,3
8,88,0
9,88,3
1,89,2
2,89,4
3,89,6
4,89,3
5,89,8
6,89,4
7,89,6
8,89,2
9,89,1
1,90,2
2,90,4
3,90,3
4,90,2
5,90,4
6,90,2
7,90,4
8,90,1
9,90,4
1,91,2
2,91,4
3,91,6
4,91,4
5,91,6
6,91,4
7,91,6
8,91,1
9,91,3
1,92,1
2,92,1
3,92,5
4,92,5
5,92,3
6,92,3
7,92,5
8,92,0
9,92,2
1,93,3
2,93,4
3,93,6
4,93,3
5,93,8
6,93,4
7,93,4
8,93,1
9,93,4
1,94,3
2,94,4
3,94,5
4,94,3
5,94,7
6,94,5
7,94,6
8,94,2
9,94,4
1,95,1
2,95,2
3,95,5
4,95,4
5,95,6
6,95,1
7,95,2
8,95,1
9,95,2
1,96,0
2,96,5
3,96,3
4,96,3
5,96,6
6,96,3
7,96,4
8,96,0
9,96,3
1,97,1
2,97,3
3,97,2
4,97,2
5,97,5
6,97,2
7,97,5
8,97,0
9,97,2
1,98,3
2,98,3
3,98,3
4,98,1
5,98,5
6,98,3
7,98,5
8,98,2
9,98,5
1,99,3
2,99,6
3,99,5
4,99,4
5,99,7
6,99,5
7,99,4
8,99,2
9,99,5
1,100,3
2,100,4
3,100,8
4,100,3
5,100,6
6,100,3
7,100,5
8,100,1
9,100,3
1,101,1
2,101,2
3,101,2
4,101,3
5,101,6
6,101,4
7,101,6
8,101,1
9,101,4
1,102,1
2,102,4
3,102,6
4,102,3
5,102,6
6,102,0
7,102,6
8,102,0
9,102,4
1,103,2
2,103,1
3,103,2
4,103,3
5,103,1
6,103,1
7,103,2
8,103,1
9,103,0
1,104,2
2,104,5
3,104,8
4,104,4
5,104,7
6,104,4
7,104,5
8,104,2
9,104,4
1,105,1
2,105,2
3,105,2
4,105,3
5,105,2
6,105,2
7,105,2
8,105,0
9,105,1
1,106,2
2,106,4
3,106,3
4,106,2
5,106,5
6,106,5
7,106,1
8,106,1
9,106,3
1,107,1
2,107,4
3,107,5
4,107,3
5,107,6
6,107,2
7,107,5
8,107,1
9,107,3
1,108,3
2,108,4
3,108,5
4,108,3
5,108,7
6,108,3
7,108,2
8,108,0
9,108,2
1,109,1
2,109,5
3,109,5
4,109,4
5,109,8
6,109,4
7,109,5
8,109,3
9,109,2
1,110,2
2,110,2
3,110,5
4,110,3
5,110,3
6,110,3
7,110,6
8,110,3
9,110,4
1,111,1
2,111,5
3,111,6
4,111,4
5,111,6
6,111,3
7,111,2
8,111,3
9,111,4
1,112,2
2,112,4
3,112,5
4,112,4
5,112,7
6,112,1
7,112,6
8,112,2
9,112,1
1,113,2
2,113,4
3,113,4
4,113,4
5,113,6
6,113,3
7,113,4
8,113,4
9,113,4
1,114,3
2,114,4
3,114,6
4,114,3
5,114,4
6,114,5
7,114,4
8,114,4
9,114,5
1,115,3
2,115,4
3,115,8
4,115,2
5,115,2
6,115,2
7,115,7
8,115,4
9,115,4
1,116,2
2,116,0
3,116,3
4,116,0
5,116,3
6,116,1
7,116,2
8,116,0
9,116,2
1,117,1
2,117,4
3,117,4
4,117,3
5,117,3
6,117,2
7,117,1
8,117,1
9,117,3
1,118,2
2,118,3
3,118,2
4,118,1
5,118,4
6,118,1
7,118,2
8,118,1
9,118,2
1,119,0
2,119,3
3,119,4
4,119,1
5,119,4
6,119,3
7,119,3
8,119,1
9,119,2
1,120,4
2,120,5
3,120,8
4,120,3
5,120,7
6,120,4
7,120,7
8,120,4
9,120,4
1,121,2
2,121,3
3,121,5
4,121,3
5,121,6
6,121,3
7,121,2
8,121,1
9,121,3
1,122,1
2,122,4
3,122,8
4,122,3
5,122,6
6,122,3
7,122,3
8,122,2
9,122,3
1,123,3
2,123,5
3,123,4
4,123,3
5,123,7
6,123,4
7,123,6
8,123,3
9,123,3
1,124,3
2,124,4
3,124,4
4,124,3
5,124,8
6,124,2
7,124,6
8,124,4
9,124,3
1,125,1
2,125,6
3,125,7
4,125,2
5,125,5
6,125,3
7,125,4
8,125,3
9,125,3
1,126,4
2,126,5
3,126,6
4,126,3
5,126,6
6,126,2
7,126,6
8,126,5
9,126,3
1,127,4
2,127,5
3,127,8
4,127,3
5,127,7
6,127,4
7,127,5
8,127,6
9,127,5
1,128,1
2,128,4
3,128,4
4,128,3
5,128,6
6,128,3
7,128,7
8,128,1
9,128,4
1,129,1
2,129,4
3,129,2
4,129,3
5,129,8
6,129,1
7,129,6
8,129,1
9,129,3
1,130,4
2,130,4
3,130,7
4,130,3
5,130,7
6,130,4
7,130,7
8,130,3
9,130,2
1,131,1
2,131,3
3,131,4
4,131,1
5,131,4
6,131,1
7,131,4
8,131,0
9,131,4
1,132,3
2,132,2
3,132,3
4,132,2
5,132,2
6,132,3
7,132,2
8,132,2
9,132,4
1,133,2
2,133,4
3,133,2
4,133,2
5,133,5
6,133,2
7,133,4
8,133,2
9,133,1
1,134,2
2,134,4
3,134,5
4,134,4
5,134,4
6,134,5
7,134,6
8,134,2
9,134,2
1,135,4
2,135,4
3,135,3
4,135,3
5,135,6
6,135,4
7,135,4
8,135,2
9,135,4
1,136,4
2,136,6
3,136,7
4,136,3
5,136,8
6,136,5
7,136,6
8,136,2
9,136,3
1,137,3
2,137,4
3,137,7
4,137,3
5,137,6
6,137,0
7,137,4
8,137,1
9,137,3
1,138,3
2,138,6
3,138,5
4,138,4
5,138,5
6,138,5
7,138,7
8,138,5
9,138,2
1,139,4
2,139,5
3,139,8
4,139,5
5,139,8
6,139,6
7,139,7
8,139,2
9,139,4
1,140,4
2,140,5
3,140,7
4,140,3
5,140,7
6,140,4
7,140,5
8,140,5
9,140,2
1,141,2
2,141,5
3,141,6
4,141,3
5,141,7
6,141,5
7,141,5
8,141,3
9,141,5
1,142,4
2,142,5
3,142,6
4,142,3
5,142,6
6,142,4
7,142,6
8,142,2
9,142,4
1,143,4
2,143,5
3,143,7
4,143,3
5,143,5
6,143,3
7,143,7
8,143,2
9,143,1
1,144,1
2,144,4
3,144,3
4,144,3
5,144,5
6,144,3
7,144,5
8,144,1
9,144,4
1,145,3
2,145,5
3,145,5
4,145,3
5,145,9
6,145,4
7,145,6
8,145,3
9,145,5
1,146,2
2,146,2
3,146,3
4,146,1
5,146,4
6,146,4
7,146,6
8,146,1
9,146,2
1,147,3
2,147,4
3,147,2
4,147,3
5,147,4
6,147,3
7,147,2
8,147,2
9,147,2
1,148,2
2,148,3
3,148,1
4,148,2
5,148,7
6,148,4
7,148,3
8,148,2
9,148,3
1,149,4
2,149,6
3,149,6
4,149,2
5,149,8
6,149,5
7,149,5
8,149,5
9,149,3
1,150,3
2,150,5
3,150,5
4,150,3
5,150,6
6,150,3
7,150,5
8,150,2
9,150,4
1,151,2
2,151,4
3,151,4
4,151,3
5,151,9
6,151,4
7,151,4
8,151,3
9,151,3
1,152,2
2,152,4
3,152,3
4,152,0
5,152,2
6,152,2
7,152,3
8,152,0
9,152,1
1,153,3
2,153,6
3,153,3
4,153,3
5,153,9
6,153,5
7,153,6
8,153,4
9,153,4
1,154,0
2,154,5
3,154,5
4,154,3
5,154,5
6,154,3
7,154,4
8,154,4
9,154,3
1,155,3
2,155,5
3,155,6
4,155,3
5,155,7
6,155,5
7,155,6
8,155,4
9,155,5
1,156,2
2,156,4
3,156,6
4,156,3
5,156,6
6,156,4
7,156,4
8,156,2
9,156,5
1,157,4
2,157,4
3,157,7
4,157,4
5,157,7
6,157,6
7,157,6
8,157,6
9,157,5
1,158,3
2,158,4
3,158,6
4,158,3
5,158,6
6,158,5
7,158,2
8,158,3
9,158,3
1,159,4
2,159,1
3,159,5
4,159,3
5,159,5
6,159,0
7,159,3
8,159,1
9,159,2
1,160,1
2,160,2
3,160,4
4,160,3
5,160,4
6,160,3
7,160,1
8,160,1
9,160,1
1,161,4
2,161,6
3,161,5
4,161,2
5,161,6
6,161,6
7,161,7
8,161,1
9,161,5
1,162,4
2,162,3
3,162,2
4,162,2
5,162,6
6,162,3
7,162,6
8,162,2
9,162,3
1,163,3
2,163,5
3,163,7
4,163,3
5,163,5
6,163,5
7,163,5
8,163,4
9,163,3
1,164,3
2,164,2
3,164,7
4,164,4
5,164,6
6,164,3
7,164,6
8,164,1
9,164,4
1,165,2
2,165,5
3,165,4
4,165,3
5,165,6
6,165,4
7,165,5
8,165,1
9,165,3
1,166,4
2,166,5
3,166,5
4,166,4
5,166,6
6,166,4
7,166,6
8,166,1
9,166,4
1,167,3
2,167,3
3,167,4
4,167,4
5,167,7
6,167,4
7,167,7
8,167,5
9,167,2
1,168,1
2,168,5
3,168,5
4,168,3
5,168,6
6,168,3
7,168,5
8,168,4
9,168,3
1,169,4
2,169,6
3,169,8
4,169,5
5,169,9
6,169,4
7,169,6
8,169,5
9,169,4
1,170,2
2,170,1
3,170,4
4,170,4
5,170,4
6,170,3
7,170,5
8,170,0
9,170,2
1,171,3
2,171,4
3,171,4
4,171,3
5,171,6
6,171,5
7,171,6
8,171,3
9,171,3
1,172,2
2,172,2
3,172,8
4,172,2
5,172,6
6,172,3
7,172,6
8,172,3
9,172,4
1,173,3
2,173,3
3,173,4
4,173,2
5,173,6
6,173,2
7,173,3
8,173,2
9,173,4
1,174,3
2,174,5
3,174,7
4,174,3
5,174,5
6,174,5
7,174,7
8,174,1
9,174,4
1,175,2
2,175,3
3,175,5
4,175,2
5,175,5
6,175,3
7,175,4
8,175,1
9,175,4
1,176,3
2,176,3
3,176,6
4,176,2
5,176,6
6,176,2
7,176,5
8,176,3
9,176,4
1,177,4
2,177,5
3,177,5
4,177,3
5,177,6
6,177,5
7,177,5
8,177,3
9,177,4
1,178,4
2,178,4
3,178,5
4,178,3
5,178,9
6,178,5
7,178,5
8,178,4
9,178,4
1,179,3
2,179,3
3,179,5
4,179,2
5,179,7
6,179,4
7,179,8
8,179,2
9,179,4
1,180,4
2,180,6
3,180,7
4,180,3
5,180,8
6,180,5
7,180,8
8,180,4
9,180,4
1,181,3
2,181,6
3,181,5
4,181,3
5,181,8
6,181,5
7,181,8
8,181,2
9,181,4
1,182,2
2,182,4
3,182,6
4,182,4
5,182,6
6,182,3
7,182,5
8,182,3
9,182,3
1,183,4
2,183,6
3,183,7
4,183,3
5,183,8
6,183,4
7,183,6
8,183,3
9,183,5
1,184,4
2,184,5
3,184,7
4,184,3
5,184,8
6,184,4
7,184,6
8,184,4
9,184,5
1,185,4
2,185,5
3,185,7
4,185,3
5,185,9
6,185,5
7,185,7
8,185,6
9,185,4
1,186,3
2,186,4
3,186,4
4,186,3
5,186,8
6,186,2
7,186,4
8,186,4
9,186,3
1,187,2
2,187,4
3,187,3
4,187,3
5,187,7
6,187,4
7,187,2
8,187,6
9,187,3
1,188,4
2,188,2
3,188,5
4,188,3
5,188,4
6,188,4
7,188,6
8,188,3
9,188,4
1,189,3
2,189,6
3,189,7
4,189,5
5,189,8
6,189,5
7,189,8
8,189,6
9,189,5
1,190,4
2,190,5
3,190,6
4,190,3
5,190,9
6,190,4
7,190,7
8,190,4
9,190,3
1,191,4
2,191,5
3,191,5
4,191,2
5,191,7
6,191,5
7,191,6
8,191,4
9,191,5
1,192,3
2,192,3
3,192,6
4,192,3
5,192,7
6,192,5
7,192,4
8,192,2
9,192,3
1,193,3
2,193,0
3,193,1
4,193,2
5,193,2
6,193,2
7,193,3
8,193,1
9,193,2
1,194,2
2,194,4
3,194,4
4,194,3
5,194,4
6,194,3
7,194,6
8,194,2
9,194,4
1,195,3
2,195,5
3,195,8
4,195,4
5,195,8
6,195,5
7,195,7
8,195,4
9,195,5
1,196,2
2,196,1
3,196,4
4,196,3
5,196,8
6,196,2
7,196,2
8,196,0
9,196,3
1,197,3
2,197,4
3,197,7
4,197,3
5,197,9
6,197,5
7,197,7
8,197,3
9,197,3
1,198,4
2,198,5
3,198,5
4,198,2
5,198,8
6,198,5
7,198,6
8,198,5
9,198,4
1,199,3
2,199,4
3,199,4
4,199,3
5,199,4
6,199,5
7,199,4
8,199,1
9,199,2
1,200,1
2,200,5
3,200,5
4,200,4
5,200,4
6,200,1
7,200,5
8,200,1
9,200,2
1,201,3
2,201,5
3,201,5
4,201,3
5,201,8
6,201,6
7,201,6
8,201,2
9,201,4
1,202,4
2,202,4
3,202,7
4,202,3
5,202,8
6,202,5
7,202,5
8,202,4
9,202,4
1,203,1
2,203,5
3,203,4
4,203,2
5,203,6
6,203,2
7,203,5
8,203,2
9,203,5
1,204,2
2,204,3
3,204,5
4,204,0
5,204,5
6,204,4
7,204,5
8,204,3
9,204,4
1,205,4
2,205,6
3,205,6
4,205,4
5,205,9
6,205,5
7,205,8
8,205,3
9,205,4
1,206,2
2,206,3
3,206,4
4,206,2
5,206,6
6,206,4
7,206,5
8,206,0
9,206,4
1,207,2
2,207,4
3,207,6
4,207,3
5,207,5
6,207,1
7,207,4
8,207,2
9,207,4
1,208,2
2,208,5
3,208,6
4,208,3
5,208,5
6,208,4
7,208,6
8,208,6
9,208,4
1,209,3
2,209,3
3,209,6
4,209,2
5,209,5
6,209,3
7,209,4
8,209,3
9,209,4
1,210,1
2,210,5
3,210,6
4,210,2
5,210,6
6,210,6
7,210,7
8,210,3
9,210,3
1,211,3
2,211,2
3,211,1
4,211,2
5,211,4
6,211,2
7,211,2
8,211,3
9,211,4
1,212,2
2,212,4
3,212,3
4,212,3
5,212,8
6,212,2
7,212,5
8,212,3
9,212,4
1,213,2
2,213,3
3,213,4
4,213,2
5,213,3
6,213,5
7,213,5
8,213,2
9,213,3
1,214,4
2,214,3
3,214,6
4,214,2
5,214,5
6,214,3
7,214,6
8,214,3
9,214,2
1,215,3
2,215,5
3,215,6
4,215,2
5,215,1
6,215,4
7,215,6
8,215,2
9,215,3
1,216,3
2,216,5
3,216,6
4,216,2
5,216,6
6,216,4
7,216,7
8,216,4
9,216,3
1,217,2
2,217,4
3,217,2
4,217,0
5,217,7
6,217,4
7,217,5
8,217,2
9,217,3
1,218,3
2,218,6
3,218,4
4,218,3
5,218,8
6,218,4
7,218,7
8,218,4
9,218,4
1,219,2
2,219,4
3,219,3
4,219,3
5,219,5
6,219,5
7,219,6
8,219,1
9,219,3
1,220,1
2,220,0
3,220,2
4,220,1
5,220,7
6,220,2
7,220,5
8,220,2
9,220,1
1,221,1
2,221,1
3,221,3
4,221,1
5,221,3
6,221,1
7,221,2
8,221,3
9,221,2
1,222,1
2,222,4
3,222,3
4,222,3
5,222,5
6,222,2
7,222,5
8,222,1
9,222,4
1,223,2
2,223,4
3,223,4
4,223,3
5,223,7
6,223,6
7,223,4
8,223,3
9,223,3
1,224,3
2,224,4
3,224,3
4,224,3
5,224,3
6,224,0
7,224,2
8,224,2
9,224,4
1,225,3
2,225,5
3,225,6
4,225,3
5,225,6
6,225,4
7,225,2
8,225,1
9,225,4
1,226,3
2,226,3
3,226,4
4,226,3
5,226,7
6,226,4
7,226,5
8,226,3
9,226,5
1,227,3
2,227,4
3,227,5
4,227,3
5,227,7
6,227,4
7,227,5
8,227,3
9,227,4
1,228,2
2,228,3
3,228,5
4,228,1
5,228,5
6,228,1
7,228,8
8,228,2
9,228,2
1,229,3
2,229,4
3,229,4
4,229,1
5,229,5
6,229,5
7,229,2
8,229,3
9,229,5
1,230,3
2,230,6
3,230,7
4,230,4
5,230,5
6,230,3
7,230,6
8,230,3
9,230,4
1,231,1
2,231,2
3,231,5
4,231,3
5,231,3
6,231,1
7,231,6
8,231,2
9,231,4
1,232,2
2,232,2
3,232,5
4,232,2
5,232,6
6,232,2
7,232,3
8,232,1
9,232,2
1,233,2
2,233,3
3,233,7
4,233,2
5,233,5
6,233,4
7,233,6
8,233,4
9,233,3
1,234,3
2,234,5
3,234,5
4,234,3
5,234,5
6,234,4
7,234,4
8,234,1
9,234,4
1,235,1
2,235,1
3,235,7
4,235,3
5,235,5
6,235,1
7,235,4
8,235,2
9,235,4
1,236,2
2,236,5
3,236,4
4,236,2
5,236,6
6,236,4
7,236,7
8,236,1
9,236,5
1,237,3
2,237,5
3,237,6
4,237,3
5,237,9
6,237,5
7,237,6
8,237,1
9,237,3
1,238,3
2,238,2
3,238,8
4,238,4
5,238,5
6,238,6
7,238,3
8,238,4
9,238,3
1,239,4
2,239,6
3,239,5
4,239,4
5,239,7
6,239,4
7,239,6
8,239,2
9,239,4
1,240,4
2,240,4
3,240,7
4,240,3
5,240,7
6,240,3
7,240,6
8,240,0
9,240,5
1,241,1
2,241,1
3,241,5
4,241,2
5,241,4
6,241,2
7,241,3
8,241,0
9,241,2
1,242,3
2,242,4
3,242,5
4,242,3
5,242,8
6,242,4
7,242,7
8,242,3
9,242,4
1,243,3
2,243,5
3,243,6
4,243,3
5,243,4
6,243,6
7,243,5
8,243,3
9,243,4
1,244,3
2,244,6
3,244,8
4,244,3
5,244,5
6,244,4
7,244,5
8,244,2
9,244,4
1,245,3
2,245,1
3,245,4
4,245,2
5,245,3
6,245,3
7,245,4
8,245,1
9,245,4
1,246,3
2,246,1
3,246,3
4,246,1
5,246,3
6,246,4
7,246,3
8,246,0
9,246,3
1,247,3
2,247,5
3,247,6
4,247,4
5,247,6
6,247,4
7,247,8
8,247,5
9,247,3
1,248,3
2,248,3
3,248,6
4,248,4
5,248,4
6,248,3
7,248,4
8,248,2
9,248,2
1,249,2
2,249,4
3,249,4
4,249,3
5,249,5
6,249,5
7,249,5
8,249,3
9,249,4
1,250,4
2,250,5
3,250,6
4,250,4
5,250,9
6,250,5
7,250,5
8,250,3
9,250,5
1,251,2
2,251,4
3,251,4
4,251,3
5,251,6
6,251,3
7,251,5
8,251,0
9,251,2
1,252,2
2,252,5
3,252,7
4,252,3
5,252,5
6,252,4
7,252,6
8,252,0
9,252,3
1,253,3
2,253,4
3,253,7
4,253,4
5,253,7
6,253,6
7,253,6
8,253,3
9,253,5
1,254,2
2,254,2
3,254,6
4,254,1
5,254,4
6,254,4
7,254,3
8,254,1
9,254,4
1,255,1
2,255,0
3,255,3
4,255,3
5,255,7
6,255,3
7,255,4
8,255,2
9,255,3
1,256,2
2,256,6
3,256,5
4,256,3
5,256,8
6,256,5
7,256,7
8,256,3
9,256,5
1,257,2
2,257,3
3,257,5
4,257,1
5,257,5
6,257,3
7,257,5
8,257,0
9,257,3
1,258,3
2,258,3
3,258,4
4,258,3
5,258,6
6,258,6
7,258,7
8,258,2
9,258,3
1,259,2
2,259,1
3,259,4
4,259,3
5,259,5
6,259,4
7,259,6
8,259,1
9,259,4
1,260,2
2,260,3
3,260,5
4,260,3
5,260,7
6,260,4
7,260,6
8,260,3
9,260,4
1,261,3
2,261,5
3,261,6
4,261,4
5,261,8
6,261,4
7,261,7
8,261,4
9,261,3
1,262,2
2,262,4
3,262,4
4,262,3
5,262,6
6,262,6
7,262,6
8,262,4
9,262,5
1,263,4
2,263,3
3,263,3
4,263,3
5,263,4
6,263,5
7,263,8
8,263,3
9,263,4
1,264,3
2,264,6
3,264,6
4,264,3
5,264,8
6,264,4
7,264,7
8,264,6
9,264,3
1,265,3
2,265,4
3,265,5
4,265,2
5,265,6
6,265,2
7,265,4
8,265,1
9,265,2
1,266,2
2,266,0
3,266,4
4,266,2
5,266,6
6,266,4
7,266,6
8,266,2
9,266,1
1,267,0
2,267,3
3,267,5
4,267,3
5,267,6
6,267,3
7,267,2
8,267,2
9,267,2
1,268,2
2,268,1
3,268,6
4,268,2
5,268,4
6,268,2
7,268,3
8,268,1
9,268,3
1,269,3
2,269,3
3,269,6
4,269,3
5,269,9
6,269,5
7,269,4
8,269,4
9,269,3
1,270,1
2,270,1
3,270,5
4,270,3
5,270,6
6,270,2
7,270,4
8,270,0
9,270,1
1,271,2
2,271,3
3,271,2
4,271,2
5,271,6
6,271,1
7,271,3
8,271,1
9,271,4
1,272,1
2,272,3
3,272,3
4,272,2
5,272,4
6,272,2
7,272,3
8,272,0
9,272,3
1,273,3
2,273,6
3,273,6
4,273,4
5,273,5
6,273,6
7,273,7
8,273,2
9,273,5
1,274,1
2,274,4
3,274,2
4,274,3
5,274,7
6,274,4
7,274,2
8,274,1
9,274,3
1,275,1
2,275,2
3,275,4
4,275,1
5,275,5
6,275,1
7,275,1
8,275,1
9,275,2
1,276,3
2,276,2
3,276,3
4,276,2
5,276,5
6,276,2
7,276,3
8,276,0
9,276,2
1,277,1
2,277,2
3,277,2
4,277,1
5,277,5
6,277,0
7,277,3
8,277,0
9,277,4
1,278,1
2,278,5
3,278,5
4,278,3
5,278,7
6,278,4
7,278,7
8,278,2
9,278,4
1,279,4
2,279,5
3,279,7
4,279,3
5,279,9
6,279,6
7,279,6
8,279,5
9,279,4
1,280,3
2,280,5
3,280,7
4,280,4
5,280,7
6,280,5
7,280,7
8,280,4
9,280,3
1,281,4
2,281,6
3,281,5
4,281,3
5,281,6
6,281,5
7,281,7
8,281,4
9,281,3
1,282,3
2,282,4
3,282,4
4,282,2
5,282,6
6,282,4
7,282,4
8,282,2
9,282,5
1,283,0
2,283,2
3,283,4
4,283,1
5,283,4
6,283,3
7,283,4
8,283,0
9,283,4
1,284,3
2,284,6
3,284,5
4,284,3
5,284,6
6,284,6
7,284,7
8,284,1
9,284,4
1,285,3
2,285,3
3,285,3
4,285,3
5,285,7
6,285,4
7,285,4
8,285,1
9,285,5
1,286,1
2,286,5
3,286,5
4,286,2
5,286,6
6,286,2
7,286,5
8,286,3
9,286,3
1,287,3
2,287,5
3,287,6
4,287,4
5,287,7
6,287,4
7,287,4
8,287,3
9,287,5
1,288,0
2,288,6
3,288,6
4,288,2
5,288,8
6,288,4
7,288,6
8,288,4
9,288,3
1,289,3
2,289,4
3,289,7
4,289,4
5,289,6
6,289,5
7,289,6
8,289,2
9,289,4
1,290,2
2,290,4
3,290,5
4,290,0
5,290,6
6,290,2
7,290,5
8,290,2
9,290,3
1,291,4
2,291,5
3,291,7
4,291,4
5,291,7
6,291,6
7,291,4
8,291,4
9,291,4
1,292,3
2,292,6
3,292,6
4,292,2
5,292,8
6,292,5
7,292,7
8,292,1
9,292,3
1,293,3
2,293,4
3,293,7
4,293,3
5,293,8
6,293,4
7,293,5
8,293,4
9,293,5
1,294,2
2,294,5
3,294,5
4,294,2
5,294,6
6,294,4
7,294,3
8,294,4
9,294,3
1,295,1
2,295,6
3,295,8
4,295,2
5,295,6
6,295,2
7,295,6
8,295,2
9,295,4
1,296,2
2,296,4
3,296,6
4,296,4
5,296,6
6,296,6
7,296,5
8,296,3
9,296,2
1,297,3
2,297,3
3,297,6
4,297,3
5,297,7
6,297,5
7,297,5
8,297,2
9,297,3
1,298,1
2,298,4
3,298,2
4,298,1
5,298,4
6,298,2
7,298,3
8,298,0
9,298,4
1,299,3
2,299,3
3,299,5
4,299,3
5,299,0
6,299,1
7,299,5
8,299,2
9,299,4
1,300,2
2,300,4
3,300,5
4,300,4
5,300,4
6,300,3
7,300,4
8,300,2
9,300,2
1,301,2
2,301,3
3,301,6
4,301,2
5,301,5
6,301,2
7,301,2
8,301,0
9,301,1
1,302,3
2,302,3
3,302,4
4,302,2
5,302,8
6,302,4
7,302,5
8,302,1
9,302,3
1,303,4
2,303,6
3,303,7
4,303,4
5,303,7
6,303,2
7,303,6
8,303,4
9,303,4
1,304,2
2,304,4
3,304,4
4,304,1
5,304,3
6,304,0
7,304,3
8,304,3
9,304,2
1,305,0
2,305,4
3,305,2
4,305,0
5,305,1
6,305,1
7,305,4
8,305,0
9,305,2
1,306,4
2,306,6
3,306,3
4,306,5
5,306,9
6,306,4
7,306,8
8,306,3
9,306,3
1,307,2
2,307,3
3,307,2
4,307,2
5,307,3
6,307,2
7,307,3
8,307,0
9,307,1
1,308,4
2,308,5
3,308,7
4,308,4
5,308,7
6,308,5
7,308,7
8,308,3
9,308,3
1,309,4
2,309,6
3,309,6
4,309,3
5,309,6
6,309,3
7,309,7
8,309,2
9,309,2
1,310,4
2,310,5
3,310,8
4,310,3
5,310,8
6,310,4
7,310,7
8,310,5
9,310,4
1,311,3
2,311,6
3,311,4
4,311,3
5,311,7
6,311,2
7,311,8
8,311,4
9,311,4
1,312,2
2,312,3
3,312,6
4,312,2
5,312,8
6,312,5
7,312,5
8,312,3
9,312,3
1,313,3
2,313,6
3,313,6
4,313,4
5,313,6
6,313,6
7,313,6
8,313,1
9,313,4
1,314,3
2,314,5
3,314,8
4,314,3
5,314,8
6,314,5
7,314,6
8,314,4
9,314,4
1,315,2
2,315,5
3,315,4
4,315,1
5,315,6
6,315,3
7,315,5
8,315,0
9,315,4
1,316,4
2,316,4
3,316,7
4,316,3
5,316,6
6,316,4
7,316,6
8,316,4
9,316,5
1,317,2
2,317,3
3,317,3
4,317,1
5,317,6
6,317,5
7,317,5
8,317,2
9,317,5
1,318,4
2,318,5
3,318,6
4,318,3
5,318,4
6,318,5
7,318,4
8,318,6
9,318,4
1,319,2
2,319,5
3,319,3
4,319,1
5,319,5
6,319,1
7,319,2
8,319,1
9,319,4
1,320,3
2,320,5
3,320,8
4,320,2
5,320,8
6,320,4
7,320,5
8,320,3
9,320,4
1,321,1
2,321,6
3,321,7
4,321,2
5,321,6
6,321,4
7,321,6
8,321,3
9,321,4
1,322,4
2,322,6
3,322,6
4,322,4
5,322,6
6,322,5
7,322,7
8,322,3
9,322,3
1,323,3
2,323,5
3,323,7
4,323,3
5,323,7
6,323,3
7,323,5
8,323,4
9,323,3
1,324,2
2,324,4
3,324,7
4,324,3
5,324,7
6,324,2
7,324,6
8,324,3
9,324,4
1,325,2
2,325,4
3,325,6
4,325,2
5,325,7
6,325,4
7,325,6
8,325,4
9,325,4
1,326,2
2,326,4
3,326,6
4,326,3
5,326,4
6,326,4
7,326,4
8,326,3
9,326,2
1,327,1
2,327,5
3,327,3
4,327,1
5,327,8
6,327,1
7,327,5
8,327,2
9,327,1
1,328,1
2,328,4
3,328,3
4,328,1
5,328,8
6,328,3
7,328,5
8,328,2
9,328,3
1,329,2
2,329,4
3,329,6
4,329,1
5,329,5
6,329,3
7,329,5
8,329,3
9,329,3
1,330,0
2,330,5
3,330,4
4,330,2
5,330,4
6,330,4
7,330,6
8,330,0
9,330,2
1,331,2
2,331,3
3,331,4
4,331,2
5,331,5
6,331,4
7,331,6
8,331,0
9,331,4
1,332,3
2,332,4
3,332,5
4,332,1
5,332,8
6,332,5
7,332,6
8,332,2
9,332,4
1,333,3
2,333,4
3,333,5
4,333,3
5,333,5
6,333,4
7,333,4
8,333,5
9,333,3
1,334,2
2,334,5
3,334,6
4,334,3
5,334,7
6,334,3
7,334,5
8,334,0
9,334,3
1,335,4
2,335,6
3,335,4
4,335,4
5,335,6
6,335,4
7,335,6
8,335,2
9,335,5
1,336,3
2,336,5
3,336,2
4,336,3
5,336,5
6,336,4
7,336,8
8,336,2
9,336,4
1,337,2
2,337,5
3,337,4
4,337,3
5,337,5
6,337,3
7,337,5
8,337,4
9,337,2
1,338,1
2,338,4
3,338,4
4,338,2
5,338,7
6,338,3
7,338,6
8,338,3
9,338,3
1,339,2
2,339,3
3,339,6
4,339,2
5,339,6
6,339,2
7,339,6
8,339,2
9,339,4
1,340,4
2,340,5
3,340,7
4,340,4
5,340,5
6,340,2
7,340,6
8,340,2
9,340,3
1,341,3
2,341,4
3,341,5
4,341,3
5,341,7
6,341,4
7,341,7
8,341,3
9,341,5
1,342,4
2,342,5
3,342,7
4,342,3
5,342,6
6,342,3
7,342,8
8,342,3
9,342,4
1,343,1
2,343,5
3,343,3
4,343,3
5,343,4
6,343,1
7,343,3
8,343,2
9,343,4
1,344,3
2,344,5
3,344,4
4,344,2
5,344,4
6,344,3
7,344,3
8,344,3
9,344,4
1,345,2
2,345,6
3,345,3
4,345,2
5,345,7
6,345,2
7,345,5
8,345,4
9,345,3
1,346,2
2,346,5
3,346,5
4,346,4
5,346,8
6,346,4
7,346,6
8,346,0
9,346,4
1,347,4
2,347,3
3,347,5
4,347,2
5,347,4
6,347,1
7,347,4
8,347,2
9,347,3
1,348,1
2,348,3
3,348,6
4,348,0
5,348,6
6,348,2
7,348,5
8,348,3
9,348,3
1,349,1
2,349,4
3,349,5
4,349,3
5,349,4
6,349,4
7,349,4
8,349,1
9,349,3
1,350,3
2,350,6
3,350,5
4,350,3
5,350,8
6,350,5
7,350,6
8,350,3
9,350,4
1,351,4
2,351,6
3,351,5
4,351,4
5,351,5
6,351,3
7,351,5
8,351,3
9,351,4
1,352,0
2,352,3
3,352,3
4,352,3
5,352,5
6,352,4
7,352,5
8,352,5
9,352,5
1,353,2
2,353,5
3,353,4
4,353,2
5,353,6
6,353,3
7,353,3
8,353,1
9,353,3
1,354,4
2,354,6
3,354,8
4,354,3
5,354,9
6,354,4
7,354,7
8,354,3
9,354,5
1,355,2
2,355,4
3,355,6
4,355,1
5,355,7
6,355,2
7,355,4
8,355,2
9,355,4
1,356,3
2,356,5
3,356,7
4,356,3
5,356,6
6,356,6
7,356,5
8,356,2
9,356,4
1,357,3
2,357,5
3,357,6
4,357,4
5,357,6
6,357,5
7,357,5
8,357,4
9,357,5
1,358,4
2,358,6
3,358,4
4,358,4
5,358,6
6,358,4
7,358,4
8,358,2
9,358,4
1,359,3
2,359,4
3,359,4
4,359,3
5,359,8
6,359,3
7,359,5
8,359,3
9,359,4
1,360,2
2,360,5
3,360,7
4,360,3
5,360,9
6,360,5
7,360,4
8,360,1
9,360,4
1,361,2
2,361,5
3,361,6
4,361,3
5,361,7
6,361,6
7,361,7
8,361,4
9,361,5
1,362,4
2,362,6
3,362,5
4,362,2
5,362,8
6,362,6
7,362,6
8,362,5
9,362,4
1,363,4
2,363,6
3,363,6
4,363,3
5,363,9
6,363,6
7,363,7
8,363,3
9,363,4
1,364,3
2,364,6
3,364,6
4,364,3
5,364,6
6,364,6
7,364,7
8,364,3
9,364,4
1,365,3
2,365,6
3,365,7
4,365,4
5,365,8
6,365,5
7,365,7
8,365,4
9,365,4
1,366,4
2,366,2
3,366,6
4,366,1
5,366,6
6,366,2
7,366,5
8,366,2
9,366,3
1,367,3
2,367,6
3,367,6
4,367,4
5,367,8
6,367,5
7,367,7
8,367,4
9,367,5
1,368,2
2,368,4
3,368,5
4,368,3
5,368,7
6,368,4
7,368,5
8,368,6
9,368,3
1,369,3
2,369,6
3,369,3
4,369,4
5,369,5
6,369,3
7,369,6
8,369,2
9,369,1
1,370,3
2,370,5
3,370,4
4,370,3
5,370,7
6,370,1
7,370,4
8,370,3
9,370,3
1,371,4
2,371,6
3,371,8
4,371,4
5,371,7
6,371,4
7,371,7
8,371,3
9,371,4
1,372,1
2,372,4
3,372,3
4,372,2
5,372,6
6,372,3
7,372,4
8,372,0
9,372,1
1,373,2
2,373,4
3,373,6
4,373,4
5,373,5
6,373,1
7,373,5
8,373,2
9,373,2
1,374,2
2,374,6
3,374,7
4,374,4
5,374,7
6,374,5
7,374,6
8,374,3
9,374,4
1,375,4
2,375,5
3,375,6
4,375,3
5,375,6
6,375,6
7,375,7
8,375,3
9,375,4
1,376,4
2,376,3
3,376,6
4,376,3
5,376,5
6,376,4
7,376,8
8,376,4
9,376,5
1,377,2
2,377,4
3,377,3
4,377,3
5,377,7
6,377,3
7,377,6
8,377,2
9,377,3
1,378,4
2,378,6
3,378,7
4,378,3
5,378,9
6,378,5
7,378,6
8,378,6
9,378,5
1,379,4
2,379,6
3,379,8
4,379,4
5,379,8
6,379,4
7,379,6
8,379,2
9,379,4
1,380,4
2,380,6
3,380,6
4,380,2
5,380,5
6,380,3
7,380,5
8,380,1
9,380,3
1,381,3
2,381,5
3,381,6
4,381,3
5,381,7
6,381,4
7,381,7
8,381,2
9,381,4
1,382,1
2,382,3
3,382,7
4,382,3
5,382,6
6,382,3
7,382,5
8,382,3
9,382,5
1,383,4
2,383,5
3,383,8
4,383,2
5,383,8
6,383,5
7,383,8
8,383,4
9,383,4
1,384,4
2,384,5
3,384,7
4,384,2
5,384,8
6,384,5
7,384,4
8,384,4
9,384,3
1,385,3
2,385,5
3,385,8
4,385,3
5,385,7
6,385,4
7,385,5
8,385,1
9,385,4
1,386,3
2,386,3
3,386,4
4,386,3
5,386,5
6,386,1
7,386,5
8,386,2
9,386,1
1,387,3
2,387,4
3,387,3
4,387,1
5,387,4
6,387,3
7,387,7
8,387,3
9,387,3
1,388,3
2,388,5
3,388,5
4,388,4
5,388,5
6,388,4
7,388,5
8,388,2
9,388,3
1,389,2
2,389,2
3,389,6
4,389,3
5,389,4
6,389,2
7,389,6
8,389,2
9,389,4
1,390,4
2,390,6
3,390,8
4,390,3
5,390,5
6,390,2
7,390,7
8,390,4
9,390,5
1,391,4
2,391,5
3,391,7
4,391,4
5,391,6
6,391,4
7,391,8
8,391,3
9,391,5
1,392,4
2,392,5
3,392,7
4,392,3
5,392,9
6,392,5
7,392,7
8,392,3
9,392,4
1,393,2
2,393,3
3,393,7
4,393,3
5,393,6
6,393,4
7,393,6
8,393,2
9,393,4
1,394,3
2,394,6
3,394,4
4,394,3
5,394,6
6,394,5
7,394,4
8,394,3
9,394,4
1,395,4
2,395,6
3,395,7
4,395,3
5,395,8
6,395,5
7,395,7
8,395,5
9,395,4
1,396,3
2,396,6
3,396,2
4,396,4
5,396,8
6,396,3
7,396,8
8,396,2
9,396,4
1,397,0
2,397,3
3,397,5
4,397,3
5,397,6
6,397,2
7,397,3
8,397,1
9,397,2
1,398,4
2,398,5
3,398,7
4,398,3
5,398,7
6,398,6
7,398,6
8,398,3
9,398,3
1,399,3
2,399,5
3,399,7
4,399,3
5,399,5
6,399,3
7,399,4
8,399,2
9,399,4
1,400,3
2,400,1
3,400,5
4,400,3
5,400,6
6,400,3
7,400,5
8,400,2
9,400,4
1,401,4
2,401,5
3,401,4
4,401,3
5,401,4
6,401,4
7,401,3
8,401,1
9,401,2
1,402,4
2,402,2
3,402,8
4,402,3
5,402,8
6,402,5
7,402,7
8,402,2
9,402,4
1,403,3
2,403,4
3,403,7
4,403,3
5,403,6
6,403,4
7,403,7
8,403,3
9,403,5
1,404,3
2,404,1
3,404,6
4,404,3
5,404,8
6,404,2
7,404,5
8,404,2
9,404,4
1,405,4
2,405,4
3,405,5
4,405,4
5,405,7
6,405,4
7,405,7
8,405,3
9,405,4
1,406,2
2,406,4
3,406,8
4,406,2
5,406,7
6,406,3
7,406,6
8,406,3
9,406,3
1,407,2
2,407,5
3,407,8
4,407,3
5,407,4
6,407,2
7,407,6
8,407,4
9,407,4
1,408,3
2,408,4
3,408,5
4,408,3
5,408,5
6,408,4
7,408,5
8,408,3
9,408,4
1,409,3
2,409,5
3,409,5
4,409,3
5,409,7
6,409,2
7,409,5
8,409,3
9,409,2
1,410,4
2,410,5
3,410,7
4,410,4
5,410,9
6,410,5
7,410,7
8,410,3
9,410,5
1,411,4
2,411,4
3,411,5
4,411,3
5,411,5
6,411,2
7,411,4
8,411,3
9,411,3
1,412,4
2,412,5
3,412,8
4,412,2
5,412,8
6,412,4
7,412,7
8,412,2
9,412,3
1,413,1
2,413,4
3,413,7
4,413,4
5,413,8
6,413,5
7,413,8
8,413,1
9,413,5
1,414,4
2,414,3
3,414,8
4,414,3
5,414,7
6,414,3
7,414,4
8,414,4
9,414,4
1,415,2
2,415,1
3,415,2
4,415,2
5,415,6
6,415,0
7,415,2
8,415,2
9,415,4
1,416,4
2,416,4
3,416,6
4,416,3
5,416,5
6,416,4
7,416,7
8,416,2
9,416,5
1,417,3
2,417,1
3,417,5
4,417,2
5,417,5
6,417,3
7,417,3
8,417,3
9,417,4
1,418,1
2,418,2
3,418,6
4,418,2
5,418,5
6,418,3
7,418,6
8,418,4
9,418,3
1,419,4
2,419,4
3,419,6
4,419,4
5,419,7
6,419,3
7,419,6
8,419,4
9,419,4
1,420,1
2,420,1
3,420,5
4,420,3
5,420,6
6,420,4
7,420,4
8,420,2
9,420,2
1,421,3
2,421,6
3,421,4
4,421,2
5,421,5
6,421,3
7,421,5
8,421,3
9,421,4
1,422,3
2,422,6
3,422,6
4,422,2
5,422,5
6,422,5
7,422,7
8,422,3
9,422,3
1,423,2
2,423,2
3,423,3
4,423,0
5,423,5
6,423,3
7,423,5
8,423,2
9,423,4
1,424,0
2,424,3
3,424,4
4,424,1
5,424,3
6,424,3
7,424,3
8,424,1
9,424,4
1,425,4
2,425,5
3,425,5
4,425,0
5,425,6
6,425,4
7,425,5
8,425,2
9,425,2
1,426,2
2,426,4
3,426,5
4,426,3
5,426,7
6,426,3
7,426,6
8,426,2
9,426,4
1,427,2
2,427,3
3,427,3
4,427,2
5,427,7
6,427,4
7,427,5
8,427,1
9,427,3
1,428,0
2,428,2
3,428,3
4,428,4
5,428,5
6,428,5
7,428,4
8,428,1
9,428,5
1,429,3
2,429,4
3,429,6
4,429,4
5,429,7
6,429,4
7,429,7
8,429,4
9,429,5
1,430,3
2,430,5
3,430,7
4,430,3
5,430,5
6,430,2
7,430,6
8,430,5
9,430,3
1,431,1
2,431,3
3,431,7
4,431,3
5,431,4
6,431,3
7,431,4
8,431,3
9,431,4
1,432,2
2,432,2
3,432,2
4,432,3
5,432,1
6,432,3
7,432,4
8,432,3
9,432,4
1,433,2
2,433,3
3,433,5
4,433,4
5,433,9
6,433,2
7,433,6
8,433,0
9,433,2
1,434,3
2,434,5
3,434,3
4,434,2
5,434,5
6,434,2
7,434,5
8,434,0
9,434,5
1,435,1
2,435,3
3,435,4
4,435,1
5,435,5
6,435,4
7,435,5
8,435,3
9,435,4
1,436,1
2,436,0
3,436,1
4,436,1
5,436,4
6,436,1
7,436,3
8,436,0
9,436,4
1,437,3
2,437,1
3,437,3
4,437,0
5,437,2
6,437,1
7,437,2
8,437,1
9,437,3
1,438,3
2,438,5
3,438,6
4,438,3
5,438,5
6,438,4
7,438,5
8,438,0
9,438,4
1,439,2
2,439,4
3,439,5
4,439,4
5,439,3
6,439,4
7,439,5
8,439,1
9,439,4
1,440,4
2,440,5
3,440,7
4,440,4
5,440,7
6,440,4
7,440,6
8,440,4
9,440,4
1,441,2
2,441,2
3,441,4
4,441,3
5,441,4
6,441,3
7,441,2
8,441,1
9,441,3
1,442,1
2,442,4
3,442,5
4,442,3
5,442,5
6,442,4
7,442,5
8,442,2
9,442,3
1,443,2
2,443,4
3,443,5
4,443,1
5,443,7
6,443,4
7,443,2
8,443,3
9,443,4
1,444,4
2,444,5
3,444,8
4,444,3
5,444,4
6,444,5
7,444,7
8,444,4
9,444,5
1,445,4
2,445,4
3,445,6
4,445,3
5,445,5
6,445,3
7,445,6
8,445,2
9,445,3
1,446,2
2,446,3
3,446,3
4,446,2
5,446,6
6,446,3
7,446,3
8,446,1
9,446,4
1,447,4
2,447,4
3,447,6
4,447,2
5,447,9
6,447,3
7,447,7
8,447,3
9,447,2
1,448,3
2,448,5
3,448,6
4,448,3
5,448,6
6,448,4
7,448,7
8,448,3
9,448,3
1,449,2
2,449,4
3,449,4
4,449,4
5,449,7
6,449,4
7,449,2
8,449,3
9,449,3
1,450,3
2,450,3
3,450,4
4,450,3
5,450,5
6,450,4
7,450,5
8,450,2
9,450,1
1,451,3
2,451,3
3,451,2
4,451,2
5,451,3
6,451,3
7,451,4
8,451,2
9,451,3
1,452,1
2,452,5
3,452,5
4,452,0
5,452,6
6,452,6
7,452,4
8,452,1
9,452,4
1,453,2
2,453,4
3,453,4
4,453,0
5,453,5
6,453,3
7,453,4
8,453,0
9,453,2
1,454,3
2,454,5
3,454,4
4,454,4
5,454,3
6,454,3
7,454,5
8,454,4
9,454,4
1,455,1
2,455,4
3,455,4
4,455,3
5,455,3
6,455,3
7,455,8
8,455,3
9,455,5
1,456,2
2,456,5
3,456,7
4,456,2
5,456,7
6,456,4
7,456,4
8,456,3
9,456,4
1,457,2
2,457,5
3,457,4
4,457,3
5,457,6
6,457,4
7,457,6
8,457,3
9,457,4
1,458,3
2,458,4
3,458,7
4,458,3
5,458,8
6,458,4
7,458,8
8,458,3
9,458,5
1,459,4
2,459,4
3,459,6
4,459,3
5,459,6
6,459,3
7,459,5
8,459,3
9,459,5
1,460,2
2,460,2
3,460,2
4,460,3
5,460,6
6,460,2
7,460,3
8,460,3
9,460,5
1,461,4
2,461,2
3,461,6
4,461,3
5,461,6
6,461,6
7,461,6
8,461,0
9,461,5
1,462,4
2,462,4
3,462,5
4,462,3
5,462,8
6,462,4
7,462,8
8,462,5
9,462,4
1,463,3
2,463,5
3,463,5
4,463,3
5,463,9
6,463,6
7,463,3
8,463,4
9,463,5
1,464,4
2,464,3
3,464,5
4,464,2
5,464,4
6,464,2
7,464,2
8,464,2
9,464,4
1,465,4
2,465,5
3,465,7
4,465,4
5,465,8
6,465,5
7,465,6
8,465,4
9,465,4
1,466,2
2,466,2
3,466,2
4,466,2
5,466,6
6,466,2
7,466,3
8,466,0
9,466,4
1,467,2
2,467,4
3,467,6
4,467,3
5,467,7
6,467,4
7,467,5
8,467,1
9,467,5
1,468,4
2,468,3
3,468,7
4,468,2
5,468,6
6,468,3
7,468,5
8,468,4
9,468,4
1,469,4
2,469,5
3,469,7
4,469,3
5,469,5
6,469,3
7,469,5
8,469,2
9,469,3
1,470,2
2,470,3
3,470,3
4,470,2
5,470,7
6,470,3
7,470,5
8,470,3
9,470,3
1,471,4
2,471,3
3,471,5
4,471,3
5,471,8
6,471,3
7,471,5
8,471,1
9,471,3
1,472,2
2,472,3
3,472,7
4,472,3
5,472,8
6,472,5
7,472,6
8,472,2
9,472,4
1,473,4
2,473,5
3,473,7
4,473,3
5,473,7
6,473,4
7,473,7
8,473,3
9,473,4
1,474,4
2,474,5
3,474,6
4,474,3
5,474,9
6,474,4
7,474,6
8,474,3
9,474,5
1,475,4
2,475,4
3,475,5
4,475,2
5,475,7
6,475,2
7,475,7
8,475,1
9,475,4
1,476,3
2,476,5
3,476,6
4,476,2
5,476,7
6,476,4
7,476,5
8,476,2
9,476,4
1,477,3
2,477,2
3,477,4
4,477,2
5,477,5
6,477,1
7,477,6
8,477,1
9,477,2
1,478,2
2,478,4
3,478,8
4,478,3
5,478,7
6,478,6
7,478,8
8,478,4
9,478,5
1,479,3
2,479,5
3,479,8
4,479,3
5,479,7
6,479,5
7,479,7
8,479,4
9,479,4
1,480,2
2,480,5
3,480,4
4,480,3
5,480,4
6,480,3
7,480,4
8,480,1
9,480,4
1,481,3
2,481,2
3,481,2
4,481,3
5,481,3
6,481,3
7,481,3
8,481,1
9,481,4
1,482,3
2,482,4
3,482,2
4,482,3
5,482,4
6,482,1
7,482,4
8,482,2
9,482,4
1,483,4
2,483,4
3,483,4
4,483,4
5,483,7
6,483,5
7,483,7
8,483,5
9,483,3
1,484,3
2,484,4
3,484,5
4,484,3
5,484,6
6,484,4
7,484,5
8,484,2
9,484,3
1,485,4
2,485,3
3,485,4
4,485,3
5,485,8
6,485,4
7,485,5
8,485,2
9,485,3
1,486,2
2,486,1
3,486,5
4,486,3
5,486,4
6,486,2
7,486,4
8,486,0
9,486,3
1,487,3
2,487,6
3,487,7
4,487,3
5,487,3
6,487,6
7,487,4
8,487,3
9,487,3
1,488,2
2,488,2
3,488,3
4,488,3
5,488,4
6,488,5
7,488,3
8,488,2
9,488,3
1,489,2
2,489,5
3,489,4
4,489,1
5,489,5
6,489,2
7,489,5
8,489,3
9,489,4
1,490,3
2,490,6
3,490,7
4,490,2
5,490,5
6,490,5
7,490,4
8,490,3
9,490,4
1,491,3
2,491,3
3,491,5
4,491,3
5,491,8
6,491,3
7,491,6
8,491,3
9,491,3
1,492,3
2,492,2
3,492,1
4,492,1
5,492,4
6,492,5
7,492,4
8,492,1
9,492,2
1,493,2
2,493,4
3,493,7
4,493,3
5,493,3
6,493,2
7,493,6
8,493,1
9,493,3
1,494,3
2,494,3
3,494,7
4,494,4
5,494,7
6,494,2
7,494,5
8,494,4
9,494,3
1,495,3
2,495,4
3,495,6
4,495,4
5,495,7
6,495,3
7,495,8
8,495,4
9,495,2
1,496,1
2,496,1
3,496,4
4,496,3
5,496,4
6,496,2
7,496,1
8,496,0
9,496,2
1,497,3
2,497,3
3,497,4
4,497,2
5,497,4
6,497,3
7,497,5
8,497,0
9,497,3
1,498,4
2,498,5
3,498,8
4,498,4
5,498,3
6,498,3
7,498,8
8,498,3
9,498,4
1,499,2
2,499,3
3,499,7
4,499,3
5,499,5
6,499,3
7,499,4
8,499,3
9,499,3
1,500,2
2,500,3
3,500,5
4,500,3
5,500,6
6,500,4
7,500,4
8,500,1
9,500,3
1,501,1
2,501,3
3,501,4
4,501,3
5,501,6
6,501,5
7,501,4
8,501,1
9,501,3
1,502,2
2,502,5
3,502,5
4,502,3
5,502,8
6,502,6
7,502,7
8,502,5
9,502,2
1,503,2
2,503,2
3,503,6
4,503,1
5,503,4
6,503,2
7,503,1
8,503,3
9,503,3
1,504,2
2,504,3
3,504,3
4,504,2
5,504,5
6,504,3
7,504,2
8,504,3
9,504,3
1,505,1
2,505,4
3,505,5
4,505,3
5,505,8
6,505,5
7,505,7
8,505,0
9,505,5
1,506,0
2,506,6
3,506,4
4,506,3
5,506,4
6,506,3
7,506,6
8,506,4
9,506,4
1,507,3
2,507,1
3,507,5
4,507,2
5,507,5
6,507,0
7,507,0
8,507,1
9,507,1
1,508,4
2,508,5
3,508,5
4,508,2
5,508,8
6,508,2
7,508,7
8,508,5
9,508,4
1,509,4
2,509,6
3,509,7
4,509,4
5,509,9
6,509,5
7,509,7
8,509,4
9,509,4
1,510,1
2,510,2
3,510,4
4,510,1
5,510,2
6,510,0
7,510,1
8,510,2
9,510,4
1,511,3
2,511,6
3,511,7
4,511,3
5,511,9
6,511,6
7,511,6
8,511,3
9,511,4
1,512,1
2,512,3
3,512,4
4,512,3
5,512,6
6,512,3
7,512,7
8,512,4
9,512,3
1,513,1
2,513,0
3,513,1
4,513,3
5,513,4
6,513,3
7,513,3
8,513,2
9,513,3
1,514,3
2,514,5
3,514,6
4,514,3
5,514,7
6,514,5
7,514,5
8,514,2
9,514,5
1,515,3
2,515,5
3,515,4
4,515,2
5,515,3
6,515,2
7,515,2
8,515,3
9,515,4
1,516,4
2,516,4
3,516,6
4,516,3
5,516,5
6,516,5
7,516,7
8,516,3
9,516,5
1,517,1
2,517,1
3,517,5
4,517,2
5,517,6
6,517,3
7,517,2
8,517,1
9,517,5
1,518,4
2,518,2
3,518,4
4,518,1
5,518,3
6,518,3
7,518,3
8,518,0
9,518,3
1,519,2
2,519,4
3,519,4
4,519,1
5,519,7
6,519,2
7,519,3
8,519,0
9,519,3
1,520,2
2,520,2
3,520,5
4,520,3
5,520,9
6,520,4
7,520,5
8,520,3
9,520,3
1,521,3
2,521,3
3,521,7
4,521,2
5,521,7
6,521,4
7,521,5
8,521,3
9,521,3
1,522,1
2,522,3
3,522,4
4,522,4
5,522,6
6,522,1
7,522,4
8,522,0
9,522,2
1,523,3
2,523,4
3,523,5
4,523,2
5,523,4
6,523,4
7,523,3
8,523,2
9,523,2
1,524,1
2,524,3
3,524,3
4,524,4
5,524,3
6,524,2
7,524,2
8,524,1
9,524,4
1,525,2
2,525,5
3,525,3
4,525,3
5,525,5
6,525,4
7,525,3
8,525,0
9,525,3
1,526,1
2,526,3
3,526,4
4,526,1
5,526,3
6,526,3
7,526,2
8,526,2
9,526,1
1,527,1
2,527,5
3,527,6
4,527,2
5,527,7
6,527,4
7,527,5
8,527,2
9,527,3
1,528,0
2,528,5
3,528,2
4,528,2
5,528,2
6,528,3
7,528,1
8,528,0
9,528,1
1,529,4
2,529,4
3,529,6
4,529,3
5,529,5
6,529,6
7,529,5
8,529,3
9,529,4
1,530,4
2,530,4
3,530,7
4,530,4
5,530,7
6,530,5
7,530,5
8,530,3
9,530,5
1,531,3
2,531,4
3,531,7
4,531,3
5,531,5
6,531,4
7,531,5
8,531,3
9,531,4
1,532,1
2,532,3
3,532,5
4,532,3
5,532,3
6,532,3
7,532,1
8,532,3
9,532,2
1,533,4
2,533,5
3,533,5
4,533,3
5,533,8
6,533,4
7,533,5
8,533,3
9,533,4
1,534,1
2,534,5
3,534,4
4,534,2
5,534,7
6,534,4
7,534,5
8,534,1
9,534,4
1,535,0
2,535,1
3,535,2
4,535,1
5,535,3
6,535,2
7,535,2
8,535,0
9,535,0
1,536,4
2,536,6
3,536,5
4,536,3
5,536,8
6,536,3
7,536,3
8,536,1
9,536,3
1,537,0
2,537,3
3,537,5
4,537,2
5,537,5
6,537,1
7,537,1
8,537,1
9,537,3
1,538,1
2,538,3
3,538,5
4,538,2
5,538,6
6,538,3
7,538,0
8,538,1
9,538,4
1,539,0
2,539,3
3,539,5
4,539,1
5,539,6
6,539,3
7,539,5
8,539,2
9,539,4
