"id","fiber.type","train.pre.pos","iso.fo","spec.fo"
5,1,0,0.265,83.5
5,1,0,0.518,132.8
5,2,0,0.491,161.1
5,1,0,0.718,158.8
5,2,0,0.16,117.9
5,1,0,0.41,87.8
5,1,0,0.371,140.5
5,1,0,0.792,197.7
5,2,0,0.649,200.5
5,1,0,0.604,156.7
5,1,0,0.668,127.1
5,1,0,0.525,150.2
5,2,0,0.724,143.1
5,1,0,0.291,102.1
5,2,0,0.357,141.7
5,2,0,0.513,126.9
5,1,0,0.37,91.7
5,1,0,0.648,162.2
5,2,0,0.4,129
5,1,1,0.943,94.1
5,2,1,0.94,103.2
5,1,1,1.146,177.4
5,1,1,1.008,135
5,1,1,0.853,119.2
5,2,1,0.691,163.2
5,2,1,0.612,193.9
5,1,1,0.637,133.1
5,1,1,0.766,152.4
5,1,1,0.793,121.1
5,1,1,0.436,97.6
5,1,1,0.451,123
5,1,1,0.448,142.7
5,2,1,0.604,131.5
5,1,1,0.777,113.1
5,1,1,0.516,119.9
5,1,1,0.24,86.7
5,1,1,0.87,153.8
5,1,1,0.638,147.8
5,1,1,0.896,162.5
5,1,1,0.743,120.4
5,1,1,0.851,139.4
10,1,0,0.705,124.4
10,2,0,0.413,106.4
10,1,0,0.755,133.6
10,1,0,0.592,104
10,1,0,0.743,148.1
10,1,0,0.861,150.4
10,1,0,0.937,154.1
10,1,0,0.769,132.9
10,2,0,0.955,185.3
10,1,0,0.505,127.1
10,2,0,0.588,168.7
10,1,0,0.765,121.4
10,2,0,0.335,85.4
10,1,0,0.577,155.1
10,1,0,0.773,137.7
10,1,0,0.866,154.9
10,2,0,1.048,182
10,1,0,0.938,157
10,2,0,1.268,191.2
10,1,0,0.506,135.9
10,1,0,0.56,173.1
10,1,0,0.728,139.3
10,2,1,0.236,123.5
10,2,1,0.979,173.6
10,1,1,0.947,172.5
10,2,1,0.778,187.1
10,1,1,0.989,189.4
10,1,1,0.709,157.3
10,2,1,0.485,127
10,2,1,0.72,170.9
10,2,1,0.518,168.7
10,2,1,0.744,202.7
10,2,1,0.437,152.3
10,2,1,0.648,193.4
10,2,1,0.725,195.6
10,2,1,1.04,275
10,2,1,0.761,192.7
10,2,1,0.621,122.1
10,1,1,0.851,193.5
10,1,1,0.688,144.7
10,2,1,0.853,257.3
10,1,1,0.623,163.7
10,1,1,0.65,152.4
15,1,0,0.85,136.8
15,1,0,1.212,170.9
15,2,0,0.981,200.9
15,2,0,1.252,229.8
15,1,0,0.63,165.8
15,2,0,0.301,101.1
15,2,0,0.884,125.6
15,2,0,0.615,192
15,2,0,0.718,153.6
15,2,0,0.874,192.4
15,2,0,1.075,205.4
15,2,0,1.246,238.6
15,2,0,0.89,129.7
15,2,0,1.053,155
15,1,0,0.805,164.5
15,2,0,1.221,181.2
15,2,0,0.92,156.3
15,2,0,1.157,154.2
15,2,0,0.992,190.9
15,2,0,0.769,146.9
15,2,0,1.16,184.4
15,2,0,0.68,141.8
15,2,0,0.651,165.6
15,1,0,0.734,150.2
15,2,0,0.904,160.5
15,2,1,0.503,153.2
15,2,1,0.658,164
15,1,1,1.119,234.3
15,2,1,0.836,180.1
15,1,1,0.974,177.5
15,1,1,1.112,180.4
15,2,1,0.719,166.6
15,2,1,0.659,128.7
15,1,1,0.893,158.5
15,2,1,0.661,223.8
15,2,1,0.756,211.5
15,2,1,0.706,149.4
15,1,1,0.847,191.5
15,2,1,0.761,124.4
15,2,1,0.772,160.2
15,1,1,0.898,177.1
15,1,1,0.917,207.1
15,2,1,0.584,171.6
15,2,1,0.912,176.3
15,2,1,0.612,150.4
15,2,1,0.762,193.4
15,2,1,1.065,229.6
15,1,1,0.417,140.3
20,2,0,1.188,209.4
20,2,0,0.948,204.4
20,2,0,0.984,213.3
20,2,0,0.627,174.5
20,1,0,1.282,205.9
20,1,0,0.908,174.9
20,1,0,1.255,134.1
20,2,0,0.994,197.6
20,2,0,1.18,236.6
20,1,0,1.51,166.7
20,2,0,0.992,206.8
20,1,0,0.853,178.9
20,1,0,1.079,184.4
20,2,0,1.202,233.7
20,1,0,1.79,212.5
20,2,0,0.851,195
20,1,0,1.021,166.1
20,1,0,1.427,188.3
20,1,0,0.816,164.5
20,1,0,1.279,182.2
20,2,0,0.78,234.1
20,2,1,0.984,149.5
20,2,1,0.879,151.3
20,1,1,1.296,143.1
20,2,1,1.024,171.3
20,1,1,1.267,100.1
20,2,1,0.871,187.4
20,2,1,1.227,164.9
20,2,1,0.898,171.7
20,1,1,0.797,138.7
20,1,1,0.628,107.3
20,2,1,0.788,123.3
20,1,1,0.758,155.2
20,1,1,1.007,126
20,1,1,0.688,158.9
20,1,1,1.118,205.4
20,1,1,1.317,159.9
20,2,1,0.84,131.5
20,2,1,1.119,164
20,2,1,1.076,184.6
20,1,1,0.894,150.1
25,2,0,0.949,161.9
25,2,0,0.982,186.3
25,2,0,1.041,180
25,1,0,0.935,194.1
25,1,0,1.163,195.3
25,1,0,1.272,242.1
25,2,0,0.823,167.7
25,2,0,0.835,201.4
25,1,0,1.083,156.5
25,1,0,1.052,175.4
25,2,0,1.028,200.3
25,2,0,1.11,211.6
25,2,0,0.718,164.2
25,2,0,0.854,219.8
25,2,0,0.934,184.4
25,2,0,0.728,181.6
25,2,0,1.147,274.7
25,1,0,1.002,189.3
25,2,0,0.754,170.5
25,2,0,1.139,190
25,2,0,1.001,190.3
25,2,1,1.409,205
25,2,1,1.229,173.2
25,1,1,0.921,151.2
25,1,1,1.042,185.1
25,2,1,1.453,258.6
25,1,1,1.337,176
25,2,1,1.008,182
25,1,1,0.771,162.1
25,1,1,1.208,265.6
25,2,1,1.145,230.5
25,1,1,1.044,178.7
25,1,1,0.961,153.8
25,2,1,1.352,225.5
25,1,1,1.289,177.7
25,2,1,1.133,172
25,1,1,1.104,163.2
25,1,1,0.391,167.9
25,1,1,1.11,165.8
25,2,1,1.255,177.6
25,1,1,1.121,185.9
25,1,1,1.05,230.7
25,2,1,1.118,158.2
25,2,1,1.488,171.2
35,2,0,0.921,168.6
35,1,0,0.734,103.6
35,1,0,0.712,242.6
35,2,0,0.624,149.3
35,1,0,0.465,141.1
35,2,0,0.899,120.9
35,1,0,1.073,174.9
35,1,0,0.738,140.1
35,2,0,1.05,133.9
35,1,0,0.745,173.7
35,1,0,1.285,195
35,2,0,0.704,130.3
35,1,0,0.947,105.5
35,2,0,1.366,166.2
35,2,0,0.801,131.9
35,2,0,1.32,186.8
35,1,0,0.644,122
35,1,0,0.928,146.3
35,2,0,0.93,142.7
35,1,0,0.762,113.1
35,1,1,0.775,110.8
35,1,1,0.526,138.3
35,1,1,1.098,128.3
35,1,1,0.517,135.2
35,1,1,0.781,149.2
35,1,1,0.615,143.3
35,2,1,1.016,191.1
35,1,1,0.872,125.2
35,1,1,0.57,118
35,1,1,0.424,96.8
35,1,1,0.839,190
35,1,1,1.13,128.8
35,2,1,0.55,143
35,1,1,0.368,119
35,1,1,0.911,147
35,1,1,0.482,159.1
35,1,1,0.621,137
35,1,1,0.428,125.4
35,1,1,0.641,111.4
45,1,0,0.661,157
45,2,0,0.677,166
45,2,0,0.594,160.1
45,2,0,0.882,145.2
45,2,0,0.419,173.5
45,2,0,0.464,133.2
45,1,0,0.536,133
45,2,0,0.725,133.7
45,2,0,0.837,164.6
45,1,0,0.711,170.1
45,2,0,0.479,157.8
45,1,0,0.675,154.2
45,1,0,0.846,165
45,2,0,0.308,165.8
45,1,0,0.555,147.6
45,1,0,0.853,151.9
45,1,0,0.572,140.7
45,2,0,0.411,131.2
45,2,0,0.53,171.5
45,1,0,0.593,161.1
45,1,1,0.799,145.6
45,2,1,0.569,164.8
45,1,1,0.844,156.7
45,1,1,0.767,150.8
45,1,1,0.692,129.7
45,1,1,0.752,163.7
45,1,1,0.456,124.9
45,1,1,0.584,80.5
45,2,1,0.73,155.7
45,2,1,1.007,190.2
45,1,1,0.852,155.2
45,1,1,0.795,81.3
45,1,1,0.762,155.1
45,1,1,0.596,147.7
45,2,1,1.095,190.2
45,1,1,0.89,147.8
45,1,1,1.198,167.1
45,1,1,1.005,141.4
45,2,1,1.206,134
45,2,1,1.015,89.9
50,2,0,1.024,205.6
50,1,0,0.8,145.2
50,2,0,1.152,231.3
50,2,0,0.848,137.8
50,1,0,0.376,183.9
50,2,0,1.294,164.7
50,1,0,0.632,117
50,1,0,0.969,188.2
50,2,0,0.467,165.3
50,2,0,0.945,185.5
50,1,0,0.816,149.7
50,1,0,1.121,173
50,1,0,0.821,173.3
50,1,0,0.472,122.3
50,1,0,0.797,150.1
50,1,0,0.595,148.9
50,1,0,0.455,87.4
50,1,0,0.633,143.9
50,1,0,0.652,145
50,2,0,0.985,171.9
50,1,0,0.869,193.6
50,2,0,1.035,196.6
50,2,1,1.585,208.6
50,2,1,1.21,160.5
50,2,1,1.051,164.1
50,1,1,0.685,124.9
50,2,1,0.615,182
50,1,1,0.899,143.3
50,1,1,0.738,157.1
50,2,1,0.962,147.1
50,1,1,0.716,140
50,1,1,0.817,142.8
50,2,1,1.086,179.6
50,1,1,0.73,233.9
50,1,1,1.101,143.1
50,1,1,0.76,169.6
50,1,1,1.09,160.1
50,2,1,0.83,144.9
50,2,1,1.411,186.3
50,2,1,1.701,179.5
50,2,1,1.247,181.9
50,2,1,1.481,170.7
50,2,1,1.152,220.6
50,2,1,1.066,221.8
50,2,1,1.003,174.6
50,2,1,0.98,162.9
60,1,0,0.826,112.7
60,1,0,0.919,133.3
60,1,0,0.562,174.6
60,1,0,0.788,114.1
60,2,0,0.493,114.7
60,1,0,0.6,116
60,1,0,1.032,143.8
60,1,0,1.058,149
60,1,0,0.729,140.9
60,1,0,0.836,128.4
60,1,0,0.702,123.6
60,1,0,0.549,157.8
60,1,0,0.536,140.3
60,1,0,0.608,140.3
60,1,0,0.633,141.3
60,1,0,0.677,109.4
60,2,1,1.014,182.3
60,1,1,0.902,164.9
60,1,1,0.691,173.3
60,1,1,0.752,178.7
60,1,1,0.626,149.4
60,1,1,0.891,162.8
60,2,1,0.423,141.9
60,2,1,0.424,145.7
60,1,1,0.392,119.7
60,2,1,0.553,178
60,1,1,0.69,155.5
60,2,1,0.309,123
60,1,1,0.675,145.7
60,2,1,0.69,201.1
60,2,1,0.545,150.8
60,2,1,0.802,151
60,2,1,0.669,110.9
60,2,1,0.825,183.1
60,2,1,0.583,150.6
70,1,0,0.225,87.1
70,1,0,0.251,109.7
70,1,0,0.454,146.3
70,1,0,0.644,150.4
70,1,0,0.73,168.7
70,1,0,0.596,156.1
70,1,0,0.628,147.9
70,2,0,0.69,164.7
70,2,0,0.365,138.4
70,1,0,0.71,169.9
70,2,0,0.688,175.4
70,1,0,0.883,154.4
70,1,0,1.324,262.7
70,2,0,0.746,169.5
70,1,0,0.563,173.3
70,2,0,0.671,179.9
70,1,0,0.695,120.4
70,1,0,0.353,170.3
70,1,0,0.879,145.3
70,1,0,0.315,125.7
70,1,1,0.815,163.3
70,1,1,0.493,124.5
70,1,1,0.85,165.3
70,1,1,0.405,106
70,2,1,0.778,157.4
70,1,1,0.439,153.5
70,2,1,0.6,158.8
70,1,1,0.527,129.1
70,1,1,0.401,106.9
70,1,1,0.749,174.6
70,1,1,0.625,137.8
70,2,1,0.918,157
70,1,1,0.856,189.7
70,2,1,1.029,198.9
70,2,1,1.108,215.3
70,2,1,1.098,182.2
70,1,1,0.413,142.7
70,1,1,0.432,145.2
70,1,1,0.537,98.4
70,1,1,0.41,96
90,2,0,0.706,155.1
90,2,0,0.714,196.5
90,1,0,1.081,166.4
90,1,0,0.59,112.5
90,1,0,0.922,130.5
90,1,0,0.37,127
90,2,0,1.075,214
90,2,0,0.869,185.1
90,1,0,1.396,140.6
90,1,0,0.6,141.2
90,1,0,0.828,174.4
90,2,0,0.575,153.4
90,2,0,0.993,187.8
90,1,0,1.135,117.8
90,2,0,0.822,134.9
90,2,0,0.842,187.9
90,2,0,1.263,245.2
90,1,0,0.653,156.8
90,1,0,1.361,171
90,1,0,1.175,156.7
90,1,1,0.705,155
90,1,1,1.29,119.8
90,1,1,0.821,99.3
90,1,1,1.072,167.7
90,1,1,1.136,162.9
90,2,1,1.027,206.7
90,2,1,0.983,166.8
90,2,1,0.874,176.1
90,2,1,0.889,163.8
90,1,1,1.059,189.6
90,1,1,1.197,162.9
90,1,1,0.755,161.7
90,2,1,0.849,208.9
90,1,1,1.346,146
90,1,1,1.239,101.9
90,2,1,0.713,166
90,1,1,0.76,142.8
90,1,1,0.972,145
90,2,1,0.885,177.5
90,1,1,0.621,108.9
95,1,0,0.684,138.7
95,2,0,0.53,161.3
95,1,0,0.594,135.2
95,1,0,0.766,144.4
95,1,0,0.516,107.7
95,2,0,0.605,143.4
95,2,0,0.712,152.9
95,1,0,0.797,234.8
95,2,0,0.65,145.4
95,2,0,0.395,116
95,1,0,0.876,182.7
95,1,0,0.74,172.5
95,2,0,0.945,155
95,2,0,1.016,177.5
95,2,0,0.702,101.9
95,2,0,0.575,155.8
95,2,0,0.648,156.4
95,2,0,0.382,132
95,1,0,0.366,111.3
95,2,0,0.572,183.5
95,2,0,0.639,165.7
95,1,0,0.564,140.9
95,2,0,0.651,167.9
95,2,1,0.92,222.2
95,1,1,0.949,247.8
95,1,1,0.63,169.2
95,2,1,1.163,211.7
95,2,1,1.121,203.9
95,2,1,0.723,135.2
95,1,1,0.721,153.9
95,1,1,0.636,194.1
95,2,1,0.783,162.9
95,2,1,1.147,243.6
95,1,1,0.564,175.3
95,2,1,0.775,229.8
95,2,1,1.105,247.4
95,2,1,0.831,200
95,2,1,1.058,226.2
95,1,1,0.484,169.5
95,2,1,0.972,210.2
95,1,1,0.756,183.5
95,1,1,0.904,178.5
95,2,1,0.795,200.1
95,2,1,0.557,149.4
105,1,0,0.73,112.7
105,1,0,1.623,168.4
105,1,0,1.026,148
105,1,0,1.544,147.1
105,1,0,1.93,159.5
105,2,0,1.156,174.3
105,1,0,0.555,142.3
105,2,0,1.041,184.9
105,1,0,0.669,87.5
105,1,0,1.37,112.4
105,1,0,0.862,101.8
105,1,0,1.285,147.2
105,1,0,0.811,83.8
105,1,0,1.268,126.8
105,1,0,0.899,143.6
105,1,0,0.673,133.2
105,1,0,1.22,114.9
105,1,0,0.957,123.9
105,1,0,1.392,159.4
105,1,0,1.048,117.9
105,1,1,0.888,156.6
105,1,1,1.214,126.6
105,1,1,1.893,158.6
105,1,1,0.93,121
105,2,1,0.955,153.1
105,1,1,1.047,125
105,1,1,0.778,124.4
105,2,1,1.426,154.8
105,1,1,1.277,108.1
105,1,1,1.429,173.1
105,1,1,0.802,132.6
105,1,1,1.804,155.8
105,1,1,1.364,133.6
105,1,1,0.875,130.3
105,2,1,1.262,179
105,1,1,1.701,170.3
105,1,1,1.4,195.5
105,1,1,2.094,206.8
105,1,1,0.811,140.7
105,1,1,0.785,170.8
110,1,0,1.038,189.1
110,1,0,1.009,196.3
110,1,0,0.689,155.6
110,1,0,0.566,157.2
110,1,0,0.779,184.6
110,2,0,0.533,149.8
110,1,0,0.591,164.3
110,1,0,0.379,154.8
110,2,0,0.599,172.5
110,1,0,0.501,143.4
110,2,0,0.64,165
110,1,0,0.697,139.7
110,1,0,0.751,166.4
110,1,0,0.66,165.7
110,1,0,0.76,186.7
110,1,0,0.78,190.5
110,1,0,0.538,173.3
110,1,0,0.884,215.3
110,1,0,1.011,188.4
110,1,0,0.894,186.7
110,2,0,0.583,203.3
110,1,0,0.592,173.5
110,1,1,0.898,207.4
110,1,1,0.603,183.3
110,1,1,0.594,201.6
110,2,1,1.042,284.6
110,1,1,0.691,167.1
110,1,1,0.652,164.6
110,1,1,0.854,154.1
110,1,1,0.813,177.6
110,1,1,0.735,158.8
110,1,1,0.871,212.8
110,1,1,0.898,188.3
110,1,1,0.723,170.2
110,1,1,0.746,163.3
110,1,1,0.591,179.4
110,1,1,0.787,190.1
110,1,1,0.749,158
110,2,1,0.547,112.2
110,1,1,0.649,171.4
110,2,1,0.53,170.7
125,1,0,0.964,148
125,1,0,0.75,143.3
125,1,0,1.228,134.5
125,1,0,1.084,163.7
125,2,0,0.907,142.6
125,1,0,0.851,139.6
125,2,0,1.336,184.5
125,2,0,1.157,181.3
125,2,0,0.805,177.5
125,2,0,0.93,160.9
125,2,0,0.542,168.2
125,2,0,0.838,158.4
125,1,0,0.488,127.8
125,1,0,1.216,162.6
125,1,0,0.657,156.2
125,1,0,0.96,155.8
125,2,0,0.86,197.5
125,2,0,0.97,179.8
125,1,1,1.141,137.8
125,1,1,0.953,150
125,1,1,1.034,114.6
125,1,1,0.688,139.1
125,1,1,0.783,130.2
125,1,1,1.16,145.6
125,2,1,0.972,135.8
125,1,1,1.365,141.5
125,1,1,1.401,138.8
125,1,1,0.748,156.3
125,2,1,1.062,153.7
125,1,1,1.272,169.5
125,2,1,0.834,148.3
125,1,1,0.969,138.3
125,1,1,1.029,167.2
125,1,1,1.179,148.8
125,2,1,1.146,134.5
125,1,1,1.183,119.4
125,2,1,0.856,168.2
125,2,1,1.35,136.2
130,1,0,1.131,138
130,1,0,1.14,128.2
130,1,0,0.903,142.1
130,2,0,0.748,181.9
130,2,0,0.587,119.4
130,1,0,0.968,171
130,1,0,1.037,143.2
130,1,0,1.243,157.3
130,1,0,1.024,125.1
130,1,0,0.729,132.7
130,1,0,0.957,151.9
130,1,0,0.879,150.6
130,1,0,0.921,126.1
130,1,0,0.742,113.7
130,1,0,0.94,193
130,1,0,0.877,138
130,1,0,1.243,145.7
130,1,0,0.665,153.1
130,1,0,0.78,97
130,1,1,0.851,168.9
130,1,1,0.881,133.4
130,1,1,0.954,138.8
130,1,1,0.639,137.4
130,2,1,0.809,144.8
130,2,1,0.679,130.9
130,1,1,0.886,164.1
130,1,1,1.351,164.3
130,2,1,0.453,102.4
130,1,1,1.008,154.5
130,1,1,1.293,154.8
130,1,1,0.845,145.9
130,1,1,0.56,135.1
130,1,1,1.029,131.4
130,1,1,0.697,127.2
130,1,1,0.831,142.4
130,1,1,0.822,126.2
130,1,1,0.553,170.1
130,1,1,0.599,117.2
130,1,1,0.882,152.5
135,1,0,0.659,131.3
135,2,0,0.972,202.9
135,1,0,0.759,149.6
135,1,0,0.955,150
135,1,0,0.885,176.1
135,1,0,1.018,160.5
135,1,0,0.988,145.9
135,1,0,0.986,128.1
135,1,0,1.001,119.6
135,1,0,0.895,109
135,1,0,1.065,182
135,1,0,0.997,184.6
135,1,0,1.322,132.3
135,1,0,1.237,169.3
135,1,0,0.718,166
135,1,0,0.711,128.9
135,1,0,0.649,115.9
135,1,0,0.781,211.8
135,1,1,1.346,140.9
135,2,1,0.756,154
135,1,1,0.959,165.2
135,2,1,0.873,208.1
135,1,1,0.954,176.3
135,1,1,0.83,146.1
135,1,1,1.037,139
135,1,1,0.631,137.7
135,1,1,0.818,145.2
135,1,1,0.994,164.1
135,1,1,1.099,139.9
135,2,1,0.442,132.7
135,1,1,0.511,170
135,1,1,0.687,205.7
135,2,1,0.754,149.7
135,1,1,0.824,119.4
135,2,1,0.721,135.2
135,1,1,0.642,144.4
135,1,1,0.725,146.6
145,1,0,1.073,153.2
145,1,0,1.375,159.8
145,1,0,1.279,169.2
145,1,0,1.847,162.9
145,1,0,1.255,132.1
145,1,0,2.168,163.5
145,1,0,1.961,163.2
145,1,0,1.471,107.2
145,1,0,1.505,157.7
145,1,0,2.081,162.9
145,2,0,0.995,141.8
145,2,0,0.952,193.2
145,2,0,1.016,168.3
145,2,0,0.836,151.6
145,1,0,1.237,145.2
145,1,0,2.027,182.4
145,1,0,1.129,164.3
145,1,0,1.328,151.1
145,1,0,1.845,152.8
145,1,0,0.874,188.5
145,1,1,0.9,159.5
145,2,1,1.065,211.2
145,1,1,0.792,142.2
145,2,1,1.327,191.4
145,2,1,1.291,230.7
145,1,1,0.804,132.9
145,1,1,0.998,136.2
145,1,1,1.489,170.1
145,1,1,1.25,159.7
145,1,1,0.817,158.2
145,1,1,0.682,123.9
145,2,1,1.247,153.5
145,2,1,1.219,218
145,1,1,1.302,158.2
145,2,1,0.804,192.3
145,2,1,0.774,216.1
145,1,1,1.887,116.9
145,2,1,0.815,152.5
150,1,0,0.607,162.3
150,1,0,0.525,130.8
150,1,0,0.683,145.3
150,1,0,0.632,154.7
150,1,0,0.817,160.5
150,1,0,0.809,214.6
150,1,0,0.698,151.7
150,1,0,0.707,135.7
150,1,0,0.648,118.3
150,1,0,0.76,164.8
150,1,0,0.473,161
150,1,0,0.717,164.6
150,1,0,0.936,162.8
150,1,0,0.649,118.9
150,1,0,0.419,161.7
150,1,0,0.591,127.6
150,1,0,0.904,172.1
150,1,0,0.6,147.2
150,1,0,0.606,117.9
150,1,0,0.726,139.5
150,1,1,0.859,149.8
150,2,1,1.125,183.8
150,2,1,0.727,186.6
150,2,1,0.68,198
150,1,1,0.866,165.2
150,2,1,0.528,157.3
150,2,1,1.142,165.8
150,2,1,0.712,202
150,2,1,1.182,140.8
150,2,1,0.731,288.4
150,2,1,0.812,178
150,2,1,0.782,221
150,1,1,0.519,112.5
150,2,1,0.696,211.8
150,2,1,0.781,204.8
150,2,1,0.682,211.3
150,2,1,0.669,189.1
150,2,1,0.573,167.6
150,2,1,0.763,195.2
150,1,1,0.55,147.8
150,1,1,0.517,152.9
160,1,0,1.833,129.8
160,1,0,2.144,149.7
160,1,0,1.635,164.2
160,1,0,2.429,158.1
160,1,0,1.45,171.3
160,1,0,1.11,144.1
160,1,0,1.591,135.6
160,1,0,1.962,154.1
160,1,0,1.245,189.9
160,1,0,1.51,122.6
160,1,0,2.416,152.9
160,1,0,1.374,148
160,1,0,1.608,161.6
160,1,0,1.977,138.2
160,1,0,2.017,142.7
160,1,0,1.659,188.3
160,1,0,1.229,170.9
160,1,0,2.185,134.9
160,1,0,1.512,157.4
160,1,0,1.28,137.6
160,1,1,1.64,151.9
160,1,1,1.775,198.9
160,1,1,1.103,151.7
160,1,1,1.738,155.6
160,1,1,1.858,134.8
160,1,1,1.496,125.8
160,1,1,1.127,128.7
160,1,1,1.292,145.9
160,1,1,1.496,119.6
160,1,1,1.339,150
160,1,1,0.642,118.3
160,1,1,1.726,158.5
160,1,1,1.302,157.3
160,1,1,1.612,173.6
160,2,1,1.817,172.7
160,2,1,1.217,182.2
160,1,1,1.95,156.6
160,1,1,1.427,156
160,2,1,2.565,175.5
170,1,0,0.511,100
170,1,0,0.482,147.3
170,1,0,0.497,146.3
170,2,0,0.909,195.5
170,1,0,0.895,200.4
170,1,0,0.665,200.2
170,1,0,0.87,192.1
170,1,0,0.81,187.7
170,1,0,0.908,174.4
170,1,0,0.612,152.4
170,1,0,0.873,128
170,1,0,0.964,150.1
170,1,0,0.637,153.6
170,1,0,0.4,151.2
170,1,0,0.766,152
170,1,0,1.212,163.7
170,1,0,0.712,176.7
170,1,0,0.465,189.1
170,2,0,0.526,175
170,2,0,0.646,156.2
170,1,0,0.731,129.3
170,1,1,0.793,160.9
170,1,1,0.698,167.6
170,2,1,0.781,181.5
170,2,1,0.719,193.6
170,1,1,0.751,201.4
170,2,1,0.824,210.2
170,2,1,0.833,230.8
170,2,1,0.556,128.6
170,1,1,1.02,157.7
170,2,1,0.736,216.4
170,2,1,0.636,177
170,2,1,0.58,164.3
170,2,1,0.532,213.2
170,1,1,0.713,125.8
170,2,1,0.72,158.6
170,2,1,0.651,187.1
170,1,1,0.574,135.6
170,2,1,0.652,176.8
170,1,1,0.757,162.9
170,2,1,0.523,179.5
180,2,0,0.763,154
180,2,0,0.755,224.7
180,2,0,0.732,182.9
180,2,0,0.667,124.1
180,1,0,0.756,155.4
180,2,0,0.526,179.1
180,2,0,0.724,139.6
180,1,0,0.847,128.6
180,1,0,0.901,175.9
180,2,0,0.841,190.4
180,1,0,1.593,176.6
180,2,0,0.7,263.3
180,1,0,1.436,148.7
180,1,0,0.589,112.8
180,2,0,0.757,188.6
180,1,0,0.675,164.3
180,1,0,0.609,143.3
180,2,0,0.376,175
180,1,0,0.692,138.3
180,1,0,1.016,191.9
180,2,1,0.717,182.4
180,2,1,0.95,152.4
180,2,1,0.693,133.7
180,1,1,0.98,149.2
180,1,1,1.123,138.5
180,1,1,0.759,140.7
180,2,1,0.856,204.8
180,2,1,0.937,171.5
180,2,1,0.653,205.7
180,2,1,0.607,201.3
180,1,1,0.593,134.7
180,1,1,0.769,161.6
180,2,1,1.286,243.6
180,1,1,0.648,135.5
180,1,1,1.112,147.6
180,1,1,1.039,140
180,2,1,0.999,187.1
180,1,1,1.068,166.3
180,1,1,0.665,166.5
195,2,0,0.409,190.5
195,2,0,0.753,174.8
195,2,0,0.617,174.8
195,1,0,0.542,134.7
195,2,0,0.727,149.3
195,2,0,1.173,185.3
195,2,0,0.452,158.6
195,2,0,1.074,136.5
195,2,0,1.003,165.9
195,2,0,0.645,196.8
195,2,0,0.768,208.2
195,2,0,0.807,153.9
195,1,0,0.453,155.9
195,2,0,0.758,144.4
195,1,0,0.462,117.5
195,2,0,0.746,197.7
195,2,0,0.575,160.1
195,2,1,0.957,170.5
195,2,1,0.758,119.5
195,2,1,0.905,238.5
195,2,1,0.519,197.3
195,1,1,0.575,123.6
195,2,1,0.972,183.9
195,2,1,0.842,160.1
195,2,1,0.47,176.4
195,1,1,1.197,147.9
195,2,1,1.061,209.1
195,1,1,0.761,177
195,2,1,1.045,158.5
195,2,1,0.972,176.1
195,1,1,0.548,143
195,2,1,0.693,148.5
195,2,1,0.795,184.6
195,2,1,1.017,172.2
195,1,1,0.517,133.4
195,2,1,0.669,210.8
195,2,1,0.635,135.2
225,1,0,0.677,143.2
225,1,0,1.195,191.3
225,1,0,0.961,164.8
225,1,0,1.197,144.7
225,1,0,0.871,162.1
225,1,0,0.77,149.4
225,2,0,0.272,203
225,1,0,0.478,115.3
225,1,0,0.783,131.3
225,1,0,1.315,158.8
225,1,0,0.908,162.5
225,1,0,0.638,132.3
225,1,0,1.154,128.2
225,1,0,0.992,129.9
225,2,0,0.516,167.1
225,1,0,0.915,187.4
225,1,0,1.099,120.4
225,1,0,0.572,141
225,1,0,0.605,139.6
225,1,0,0.913,135
225,1,0,0.61,139.1
225,1,1,0.923,156.1
225,2,1,0.703,140.6
225,1,1,0.708,146
225,2,1,0.623,173.2
225,1,1,0.553,172.8
225,2,1,0.479,180
225,1,1,0.524,142.7
225,1,1,0.9,87.6
225,1,1,0.763,157.9
225,1,1,0.701,157
225,1,1,0.696,143.8
225,1,1,0.541,148.6
225,1,1,0.898,106.1
225,1,1,0.944,162.8
225,1,1,0.668,129.6
225,2,1,0.452,215.6
225,1,1,0.851,172.6
225,1,1,1.252,126.7
225,1,1,1.395,271.9
230,1,0,0.421,155.7
230,2,0,0.512,188.5
230,2,0,0.504,176.1
230,2,0,0.714,192
230,2,0,0.716,204.3
230,1,0,0.474,172.2
230,2,0,0.649,213.1
230,2,0,0.613,217.6
230,2,0,0.7,192.5
230,1,0,0.367,146.1
230,2,0,0.704,204.8
230,2,0,0.536,195.7
230,2,0,0.49,156.4
230,1,0,0.442,141.8
230,2,0,0.597,200
230,2,0,0.515,200.4
230,2,0,0.621,214.5
230,2,0,0.758,198.2
230,1,0,0.452,157.2
230,2,0,0.479,160.6
230,1,1,0.964,181.1
230,2,1,1.298,217.2
230,1,1,0.848,142.2
230,1,1,0.73,174.9
230,1,1,0.571,202.4
230,1,1,0.837,133.5
230,1,1,1.116,195.8
230,1,1,1.035,184.2
230,1,1,1.068,219.6
230,1,1,0.406,145.5
230,1,1,0.585,162.3
230,1,1,0.56,169.4
230,1,1,0.949,151.6
230,1,1,0.571,169.7
230,1,1,1.093,185.1
230,1,1,1.189,158.6
230,1,1,0.842,140.7
230,2,1,0.806,213.7
230,1,1,1.347,187.9
250,2,0,1.037,171.3
250,2,0,1.018,171
250,2,0,0.859,194.7
250,2,0,0.834,190.2
250,2,0,1.199,210.1
250,2,0,1.047,207.6
250,1,0,0.716,143.5
250,2,0,0.941,184.7
250,2,0,0.989,144
250,1,0,1.001,165.4
250,1,0,0.764,132.6
250,1,0,0.985,179.5
250,1,0,0.808,149.6
250,2,0,1.09,200.2
250,1,0,0.817,195.1
250,2,0,1.099,197.4
250,2,0,0.718,105.2
250,1,0,1.299,116.3
250,2,0,1.103,190.1
250,2,0,0.857,161.5
250,2,1,2.118,205.3
250,1,1,1.58,157.5
250,2,1,1.483,183
250,2,1,1.402,181.3
250,1,1,0.978,168.7
250,2,1,1.175,179.9
250,2,1,1.696,196.3
250,2,1,1.329,222.9
250,2,1,1.264,183
250,2,1,1.504,161.9
250,1,1,1.206,191.4
250,2,1,0.95,174.5
250,2,1,0.886,135.1
250,2,1,0.865,221.6
250,2,1,1.155,161.5
250,2,1,0.764,146.6
250,2,1,1.114,152.7
250,2,1,1.339,205.5
255,1,0,1.169,165.2
255,2,0,1.28,164.3
255,2,0,1.069,116
255,2,0,1.226,177.8
255,1,0,1.576,175.4
255,2,0,1.266,156.6
255,2,0,1.247,203.3
255,2,0,1.315,158
255,1,0,1.457,174.3
255,1,0,1.598,172.3
255,2,0,0.83,188.1
255,2,0,1.575,197.9
255,1,0,0.908,169
255,2,0,1.22,170.9
255,2,0,1.196,171.6
255,1,0,1.553,136.2
255,2,0,1.295,161.3
255,1,0,1.696,129.4
255,2,0,1.548,174.9
255,1,0,1.396,132.5
255,2,1,1.131,193.1
255,2,1,1.322,203.6
255,2,1,1.305,192.4
255,2,1,1.5,232.6
255,2,1,1.299,192.1
255,1,1,1.154,155
255,2,1,1.008,177.3
255,2,1,1.552,210.5
255,2,1,1.512,237.7
255,2,1,1.643,186.2
255,2,1,1.534,190.9
255,2,1,1.467,220.9
255,2,1,1.071,175.6
255,2,1,1.114,174.9
255,1,1,1.106,122.3
255,1,1,1.147,156.7
255,2,1,1.494,252.6
255,1,1,0.934,158.9
255,2,1,1.607,187.3
260,1,0,1.177,198.7
260,1,0,1.031,116.3
260,1,0,0.647,141.9
260,1,0,0.673,172.4
260,1,0,0.344,144.7
260,1,0,0.476,126.6
260,2,0,0.36,137.6
260,2,0,0.395,151.6
260,1,0,0.902,155.4
260,2,0,0.373,98.1
260,1,0,1.007,181.6
260,1,0,0.735,179.6
260,1,0,0.748,131.4
260,2,0,0.48,257.8
260,2,0,0.369,146.9
260,1,0,0.925,127.9
260,1,0,0.742,166.7
260,1,0,0.808,201.2
260,1,0,0.591,229.5
260,2,0,0.406,144.5
260,2,1,0.426,214.8
260,2,1,0.823,276.1
260,1,1,1.045,237.9
260,2,1,0.504,173.5
260,1,1,1.027,146.6
260,1,1,0.994,167.3
260,2,1,0.79,187.5
260,2,1,0.684,256.7
260,2,1,0.584,169.9
260,1,1,0.996,196.6
260,2,1,0.861,227.3
260,1,1,0.399,97.3
260,2,1,0.744,203.5
260,1,1,0.406,116.9
260,2,1,0.696,173
260,1,1,1.053,142.2
260,2,1,0.677,174.5
260,2,1,0.806,261.3
260,1,1,0.663,162.9
260,1,1,0.759,170.5
265,1,0,0.739,188.1
265,2,0,0.893,235.6
265,2,0,0.95,188.9
265,2,0,0.804,205.7
265,2,0,0.77,205.2
265,2,0,0.966,179.6
265,2,0,0.676,137.7
265,2,0,1.189,283.1
265,1,0,0.955,200.6
265,2,0,0.976,220.4
265,1,0,0.843,187.6
265,2,0,0.857,217.9
265,2,0,0.809,198.3
265,2,0,0.8,195.9
265,2,0,0.912,219
265,2,0,0.943,190.6
265,2,0,0.915,170.3
265,2,0,0.934,223.5
265,2,0,0.931,175.6
265,2,0,0.915,188.2
265,1,1,0.657,163
265,1,1,0.724,154.3
265,1,1,0.757,193
265,1,1,0.8,171
265,2,1,0.973,203.7
265,2,1,0.786,178.3
265,2,1,0.804,191.1
265,2,1,0.94,216.1
265,2,1,0.889,222
265,2,1,0.808,184.5
265,1,1,0.753,146.9
265,1,1,0.747,159.7
265,2,1,0.707,207.8
265,2,1,0.789,183.1
265,2,1,0.931,167.6
265,1,1,0.778,131.4
265,1,1,0.639,177.7
265,1,1,0.579,160.7
265,1,1,0.542,147.8
265,2,1,1.074,223.1
270,2,0,0.976,208.3
270,2,0,0.947,192
270,2,0,1.057,220.3
270,2,0,1.013,218.9
270,1,0,0.794,150.6
270,2,0,1.04,193.3
270,2,0,0.92,172.5
270,1,0,0.787,139.4
270,1,0,0.39,116.8
270,1,0,0.84,148.2
270,2,0,1.076,177.2
270,1,0,0.816,127.1
270,2,0,1.003,190.9
270,2,0,0.921,172.4
270,2,0,0.849,171.9
270,1,0,0.75,155
270,1,0,0.844,143.6
270,1,0,0.458,135.7
270,2,0,0.917,154.3
270,1,0,0.755,146.7
270,1,1,0.45,120
270,1,1,0.653,133.2
270,1,1,0.662,136.3
270,2,1,0.907,185.9
270,2,1,1.095,182.5
270,2,1,0.699,160.9
270,1,1,0.87,131.8
270,2,1,0.882,174.7
270,1,1,0.898,156
270,1,1,0.95,187.3
270,2,1,1.167,222.9
270,1,1,0.829,173.9
270,1,1,1.146,143.7
270,1,1,0.878,139.6
270,1,1,1.021,150.9
270,1,1,0.829,154.3
270,1,1,0.698,178.9
270,1,1,0.776,128
270,1,1,0.755,141.1
270,1,1,0.821,103.4
275,2,0,1.678,163.9
275,2,0,1.357,208.6
275,1,0,0.947,175.8
275,2,0,1.464,161.3
275,2,0,0.975,235
275,2,0,1.028,183.5
275,2,0,1.122,192.9
275,2,0,0.832,174.7
275,2,0,1.032,193.1
275,2,0,1.035,218.8
275,1,0,0.987,148.1
275,2,0,1.004,165.3
275,1,0,0.79,171.7
275,1,0,0.614,154.9
275,2,0,0.981,157.5
275,2,0,0.88,167.8
275,2,0,0.894,142.6
275,2,0,0.881,166.1
275,1,0,0.924,163.3
275,2,0,0.973,183.4
275,2,1,1.441,156.3
275,2,1,1.441,191
275,2,1,1.943,175.2
275,2,1,1.834,202.4
275,2,1,1.659,210.6
275,2,1,2.195,226.9
275,2,1,1.728,171.7
275,2,1,1.843,177.8
275,2,1,1.509,182.6
275,2,1,1.766,207.2
275,2,1,1.615,157.7
275,2,1,1.707,194
275,2,1,1.454,194.5
275,1,1,1.225,245.5
275,2,1,1.801,223.8
275,2,1,1.7,177.6
275,2,1,1.314,225
275,2,1,1.824,205.8
275,2,1,2.563,226
275,2,1,2.146,204.7
285,2,0,0.818,208.9
285,1,0,0.613,157.9
285,1,0,0.182,195.1
285,1,0,0.381,149.9
285,2,0,0.593,181.3
285,1,0,0.452,149.1
285,2,0,1.003,290
285,1,0,0.64,174.6
285,1,0,0.405,158.8
285,2,0,0.712,175.8
285,1,0,0.83,162
285,2,0,0.633,170.5
285,1,0,0.809,132.7
285,2,0,0.817,170
285,1,0,0.527,143.3
285,1,0,0.644,152.8
285,1,0,0.817,145
285,2,0,0.685,177
285,1,0,0.56,170.2
285,2,0,0.559,123.1
285,2,1,0.648,210.5
285,2,1,0.747,194.6
285,2,1,0.822,196.6
285,2,1,0.73,157.1
285,2,1,0.875,189.6
285,2,1,0.773,210.3
285,2,1,0.703,196.8
285,2,1,0.622,187.9
285,2,1,0.599,180.9
285,2,1,0.974,166.2
285,2,1,0.668,173.5
285,2,1,0.738,178.4
285,2,1,0.567,228.3
285,2,1,0.376,146.8
285,2,1,0.865,190.4
285,1,1,0.711,144.8
285,2,1,0.809,175.2
285,2,1,0.732,204.6
285,2,1,1.035,213.8
285,2,1,0.785,185.6
295,2,0,0.451,175.3
295,1,0,1.057,148.2
295,1,0,0.477,101.1
295,2,0,0.545,169.6
295,2,0,0.483,166.9
295,1,0,1.055,140.6
295,2,0,0.512,137.3
295,1,0,0.363,125.3
295,1,0,0.947,139.1
295,1,0,0.722,120.1
295,1,0,0.787,153.2
295,1,0,0.886,144.4
295,1,0,1.003,134.2
295,1,0,1.039,162.7
295,1,0,1.037,273.6
295,1,0,0.715,118.4
295,1,0,0.923,114.1
295,1,0,1.081,159.7
295,1,0,0.944,161.4
295,1,0,0.744,146.1
295,1,1,1.055,142.6
295,2,1,0.833,186
295,1,1,0.598,158.9
295,1,1,1.015,213.5
295,1,1,0.767,162.1
295,1,1,1.042,138.1
295,1,1,0.959,140.8
295,2,1,0.685,143.5
295,2,1,0.836,210.6
295,2,1,0.862,166.8
295,1,1,0.756,132.8
295,1,1,0.952,133
295,2,1,0.655,189.4
295,1,1,0.822,123.1
295,1,1,1.072,152.1
295,2,1,0.49,140.9
295,1,1,0.481,130.1
295,1,1,1.123,165.4
295,1,1,0.724,104
300,2,0,1.02,190.7
300,2,0,0.854,172.5
300,2,0,0.575,159.8
300,2,0,0.97,190.8
300,1,0,0.915,161.5
300,2,0,0.795,218.2
300,1,0,0.431,148.3
300,2,0,0.891,172.2
300,2,0,0.718,172.5
300,2,0,0.961,154.1
300,1,0,0.706,139.1
300,2,0,0.871,179.6
300,1,0,0.483,156
300,1,0,0.693,163.3
300,2,0,0.901,169.6
300,2,0,0.945,168.7
300,2,0,0.871,183.2
300,2,0,1.072,193.6
300,2,0,0.743,173.1
300,1,0,0.642,152.5
300,1,1,0.823,190.4
300,2,1,1.179,199.3
300,1,1,0.806,167.5
300,2,1,0.856,184.2
300,2,1,0.972,200.1
300,2,1,0.706,173.8
300,1,1,0.934,147.1
300,1,1,0.727,135.4
300,1,1,0.667,132.4
300,2,1,0.819,197.5
300,2,1,1.183,195.1
300,1,1,0.498,132.8
300,2,1,0.889,206
300,1,1,0.957,158.4
300,2,1,1.442,257.7
300,1,1,1.101,154.2
300,1,1,0.712,209.6
300,1,1,0.98,227.9
300,2,1,0.966,216.6
300,2,1,0.871,182.9
305,1,0,0.787,142.1
305,1,0,1.197,181.5
305,1,0,1.352,161.4
305,1,0,1.055,167.1
305,1,0,1.492,136.7
305,1,0,1.331,126.2
305,2,0,1.314,182.3
305,2,0,1.384,206
305,2,0,1.233,180
305,1,0,1.217,150.5
305,1,0,1.032,157.2
305,1,0,1.152,148.6
305,1,0,0.941,143.2
305,2,0,1.248,156.5
305,1,0,1.083,131
305,2,0,1.191,171.7
305,1,0,0.844,162.5
305,1,0,0.943,138.5
305,1,0,1.35,187
305,2,0,1.268,161.7
305,2,1,1.062,193.3
305,2,1,0.757,150.2
305,2,1,1.399,199.6
305,2,1,1.421,194.3
305,2,1,1.125,204.2
305,2,1,1.028,190.3
305,2,1,0.907,187.3
305,2,1,1.31,197.8
305,2,1,1.117,146.2
305,2,1,1.569,193.5
305,2,1,1.384,204.8
305,2,1,1.273,172.4
305,2,1,1.247,194.3
305,2,1,1.194,166.7
305,2,1,1.232,177.3
305,2,1,1.224,152.8
305,1,1,1.04,128.7
305,2,1,1.576,204.9
305,1,1,0.825,146.3
305,2,1,1.398,181.9
310,1,0,0.622,114.9
310,1,0,0.651,125.4
310,2,0,1.36,242.5
310,1,0,0.766,128
310,1,0,0.633,112.2
310,2,0,0.974,142.7
310,2,0,1.097,177.1
310,2,0,0.853,164.8
310,2,0,1.107,175.6
310,1,0,0.701,159.8
310,2,0,1.046,182.2
310,2,0,1.151,163.4
310,1,0,0.456,112.2
310,1,0,0.902,146.6
310,1,0,0.543,119.3
310,1,1,0.96,133.9
310,2,1,0.93,173.1
310,2,1,1.215,168.4
310,2,1,0.876,139.8
310,2,1,0.885,149.1
310,1,1,0.593,118.5
310,1,1,0.895,123.8
310,1,1,0.877,130.1
310,2,1,0.937,145.1
310,2,1,1.066,195.5
310,1,1,0.774,128.3
310,1,1,1.103,147.2
310,2,1,1.02,188.2
310,2,1,1.079,129.3
310,1,1,0.937,156.3
310,2,1,1.085,216.4
310,1,1,0.768,129.9
310,1,1,0.809,126.2
310,2,1,1.139,169.8
310,1,1,0.581,140.5
315,2,0,0.662,150.1
315,1,0,0.819,185.7
315,1,0,0.786,106.1
315,1,0,0.702,92.6
315,1,0,0.93,91.8
315,2,0,0.88,169.3
315,1,0,1.196,127.1
315,1,0,0.663,123.5
315,1,0,1.068,128
315,1,0,1.128,137.6
315,2,0,0.576,137.9
315,1,0,1.357,130.8
315,1,0,0.838,110.7
315,1,0,1.05,148.2
315,1,0,0.851,137.6
315,1,0,0.733,94.2
315,1,0,1.049,140.4
315,1,0,1.299,132.6
315,1,0,0.953,137.7
315,1,0,0.953,137.6
315,2,1,0.756,176.3
315,2,1,0.463,172.4
315,2,1,0.51,158.6
315,2,1,0.761,166.4
315,1,1,1.101,143.9
315,2,1,0.754,201.8
315,2,1,0.972,193.3
315,2,1,0.837,157.3
315,2,1,0.658,159
315,1,1,0.601,80.7
315,1,1,1.038,147.9
315,1,1,0.975,163.6
315,2,1,0.579,178.8
315,2,1,0.68,169
315,1,1,0.551,119.7
315,1,1,0.894,160.2
315,2,1,0.584,172.6
315,2,1,0.878,160.1
315,2,1,0.633,155.1
335,2,0,0.535,190
335,2,0,0.646,198
335,2,0,0.635,156
335,2,0,0.495,156.8
335,2,0,0.491,153.4
335,2,0,0.601,224.4
335,2,0,0.581,153.1
335,2,0,0.644,164.2
335,2,0,0.644,142.5
335,2,0,0.607,140.9
335,2,0,0.681,143.1
335,2,0,0.61,145
335,2,0,0.768,160.7
335,2,0,0.455,99.3
335,1,1,0.263,124.6
335,2,1,0.643,141.9
335,2,1,0.945,168.7
335,2,1,1.006,126.6
335,2,1,0.568,143.9
335,2,1,0.784,172.1
335,1,1,0.496,121.4
335,1,1,0.502,135.4
335,1,1,0.804,125.3
335,2,1,0.856,173.8
335,1,1,0.503,122.8
335,2,1,0.857,136.9
335,2,1,1.151,127.2
335,2,1,0.879,150.9
335,2,1,0.95,143.8
335,2,1,0.842,156.6
335,1,1,0.404,125.8
335,1,1,0.305,123.1
335,1,1,0.356,147
355,2,0,1.922,195
355,2,0,1.505,180.6
355,2,0,1.265,126.8
355,2,0,1.3,138.6
355,1,0,0.874,132.7
355,2,0,1.453,141.2
355,2,0,1.764,176.4
355,2,0,1.584,171.2
355,2,0,1.655,149.1
355,2,0,1.62,150.6
355,2,0,1.637,169.6
355,1,0,1.272,119.3
355,2,0,1.774,148.4
355,2,0,1.215,98.5
355,1,0,0.883,84.3
355,2,0,1.323,135.2
355,2,0,1.367,161.4
355,2,0,1.067,98.3
355,2,0,1.371,136.6
355,2,0,1.305,135
355,2,1,1.36,145.4
355,2,1,1.687,156.6
355,2,1,1.774,166.8
355,1,1,0.604,123.9
355,2,1,2,206.5
355,2,1,1.804,160.6
355,1,1,0.467,152.5
355,1,1,1.101,126.9
355,1,1,0.559,138.9
355,2,1,1.744,194.5
355,2,1,1.683,189.5
355,2,1,1.243,150.5
355,2,1,1.609,167.3
355,1,1,0.475,126.6
355,1,1,0.391,115.8
355,1,1,0.437,121.3
355,1,1,0.609,129.9
355,1,1,0.754,157.8
355,1,1,0.516,123.7
360,2,0,0.679,132.6
360,2,0,0.519,149.7
360,2,0,0.584,139.2
360,1,0,0.637,98
360,2,0,0.704,176.2
360,2,0,0.553,165.8
360,1,0,0.664,129.9
360,1,0,0.532,122.8
360,2,0,0.499,111.7
360,2,0,0.603,127.4
360,2,0,0.593,147.9
360,2,1,1.296,178.9
360,2,1,0.887,169.6
360,1,1,0.903,145.1
360,1,1,1.174,121
360,2,1,0.961,181.6
360,2,1,1.065,170.7
360,2,1,0.567,120.5
360,2,1,0.988,178.8
360,2,1,0.648,114.4
360,1,1,0.849,131.9
360,1,1,1.044,136.4
360,1,1,0.855,141.1
360,1,1,0.628,137.1
360,1,1,0.704,120.2
360,2,1,0.824,191.2
360,1,1,0.885,154.2
360,1,1,0.752,125.4
360,1,1,0.952,127.9
360,2,1,0.602,147.8
360,1,1,0.429,112.7
365,2,0,0.386,108.4
365,2,0,0.822,155.5
365,2,0,0.991,163.4
365,2,0,1.133,160.7
365,2,0,0.966,136.3
365,2,0,1.15,172
365,2,0,0.969,180.5
365,1,0,0.465,127.7
365,1,0,0.742,129.9
365,1,0,0.911,144.7
365,1,0,0.813,140.2
365,1,0,0.805,106.3
365,1,0,0.551,105.9
365,2,0,0.838,138.7
365,2,0,0.474,127
365,1,0,0.308,100.5
365,1,0,0.954,130.1
365,1,0,0.689,124.3
365,2,1,0.898,106
365,2,1,1.063,150.9
365,2,1,0.582,169.4
365,1,1,0.902,125.6
365,2,1,1.05,172.5
365,1,1,0.644,100.9
365,2,1,0.495,203.4
365,2,1,0.413,158.4
365,2,1,0.823,194
365,1,1,0.865,112.4
365,2,1,0.596,153
365,2,1,0.891,181.2
365,1,1,0.643,134.3
365,2,1,1.002,224.9
365,2,1,0.495,146.3
365,1,1,1.038,133.4
365,1,1,0.698,146.3
370,2,0,0.614,92.8
370,2,0,0.541,101.5
370,2,0,0.404,108.1
370,1,0,0.279,112.1
370,2,0,0.682,147.2
370,1,0,1.244,149
370,1,0,0.431,125.1
370,1,0,0.727,103
370,1,0,0.763,142.6
370,1,0,1.214,100.2
370,1,0,0.961,114.1
370,1,0,0.795,125.4
370,1,0,0.823,95.8
370,1,0,0.701,114.5
370,1,1,0.37,127
370,1,1,1.352,119.8
370,1,1,0.587,97.9
370,2,1,0.735,169.8
370,1,1,0.806,120.1
370,1,1,1.139,131.6
370,2,1,0.872,109
370,1,1,0.495,96.9
370,2,1,0.556,134.5
370,1,1,1.098,137.5
370,2,1,0.56,139.3
370,1,1,0.645,109.1
370,2,1,0.516,151.8
370,1,1,0.683,136.3
370,2,1,0.316,89.8
375,1,0,0.988,104.6
375,1,0,0.867,127.8
375,1,0,0.868,105
375,1,0,0.626,114.9
375,1,0,0.47,89.9
375,1,0,1.064,117.4
375,2,0,0.421,111.5
375,1,0,0.93,128.3
375,1,0,0.988,140.1
375,2,0,0.992,156.4
375,1,0,0.756,112.3
375,2,0,0.919,140.3
375,1,0,0.669,111.8
375,1,0,0.817,116.7
375,2,0,0.645,94.5
375,1,0,0.773,129
375,2,0,0.679,165.4
375,1,0,0.336,87.7
375,2,0,0.758,141.2
375,1,1,1.133,114.6
375,1,1,1.099,114.7
375,1,1,0.864,119.2
375,1,1,0.798,124.3
375,1,1,0.6,97.6
375,1,1,0.783,129.8
375,2,1,0.545,162
375,1,1,0.474,140.7
375,1,1,0.371,150
375,2,1,0.835,136.2
375,1,1,0.603,107.7
375,2,1,0.977,132.8
375,1,1,0.755,116.2
375,2,1,0.658,180.4
375,2,1,0.742,160.6
375,1,1,0.624,87.8
375,2,1,0.6,162.9
375,2,1,0.565,123.4
375,2,1,0.45,178.8
375,2,1,0.949,201.8
385,2,0,0.336,96.2
385,2,0,0.593,134.3
385,2,0,0.785,173
385,2,0,0.673,194.5
385,2,0,0.811,179.1
385,2,0,0.808,197.3
385,2,0,0.805,175.4
385,2,0,0.659,171.9
385,1,0,0.568,112.4
385,2,0,0.72,168.7
385,1,0,0.563,113.5
385,1,0,0.466,122.8
385,1,0,0.678,141.4
385,2,0,0.74,171.3
385,1,0,0.52,142.2
385,2,0,0.748,133.1
385,1,0,0.473,125.3
385,2,0,0.439,125.3
385,1,1,0.241,101.8
385,1,1,0.287,100.6
385,1,1,0.288,122.9
385,1,1,0.256,117.9
385,2,1,0.665,129.5
385,2,1,0.429,141.9
385,2,1,0.737,118.8
385,2,1,0.841,171.7
385,2,1,0.815,152.3
385,2,1,0.888,166.6
385,1,1,0.782,136.7
385,2,1,1.025,175.4
385,1,1,0.8,120.9
385,1,1,0.605,146.1
385,1,1,0.6,129.1
385,2,1,1.007,175.4
385,2,1,0.934,160.9
385,1,1,0.615,104.5
385,2,1,0.735,133.9
390,1,0,1.196,151.5
390,1,0,1.526,152
390,2,0,0.794,191.5
390,1,0,1.007,150.5
390,1,0,1.179,134.9
390,1,0,0.838,108
390,1,0,0.79,106.1
390,1,0,0.992,102.1
390,1,0,1.202,121.1
390,2,0,0.671,178.9
390,2,0,1.109,164.2
390,1,0,1.258,141.4
390,2,0,0.645,132.5
390,2,0,0.805,142.5
390,1,0,0.996,119.9
390,2,0,0.487,145.8
390,2,0,0.628,176.8
390,2,0,0.449,161.2
390,2,0,0.458,137.9
390,1,1,1.257,146.4
390,2,1,1.254,161.6
390,1,1,1.523,147.1
390,1,1,1.444,177.6
390,1,1,0.737,151.9
390,1,1,0.966,169.7
390,2,1,1.006,175.8
390,1,1,1.503,141.7
390,2,1,0.786,141.8
390,1,1,1.129,145
390,2,1,0.929,183.2
390,2,1,1.051,194.8
390,2,1,1.063,178.5
390,1,1,1.204,166
390,2,1,0.901,209.6
390,2,1,0.854,123.3
390,1,1,0.941,165.7
390,1,1,1.197,162
390,2,1,1.048,140.9
390,2,1,1.114,135
395,2,0,0.55,184.8
395,2,0,0.828,172.1
395,2,0,0.746,173.1
395,2,0,0.619,186.8
395,1,0,0.926,131.5
395,1,0,0.503,122.6
395,2,0,0.787,181.9
395,1,0,0.895,156.3
395,1,0,0.649,147.7
395,1,0,0.521,155.8
395,1,0,0.696,160.1
395,1,0,0.637,137
395,1,0,0.509,116.4
395,1,0,0.421,123.6
395,2,0,0.838,146.3
395,2,0,0.812,205.1
395,2,0,0.689,162.3
395,2,0,0.733,177.5
395,2,0,0.74,185.7
395,1,1,0.545,134.3
395,2,1,0.968,176
395,2,1,0.831,167
395,2,1,1.036,191.6
395,1,1,0.726,137.7
395,2,1,0.792,182.1
395,1,1,0.758,139.7
395,2,1,0.933,179.5
395,2,1,0.898,167.5
395,1,1,0.828,139.4
395,1,1,0.791,151.1
395,1,1,0.651,158.6
395,2,1,0.869,182.8
395,2,1,0.756,177.7
395,1,1,0.76,146.5
395,2,1,0.604,169.1
395,2,1,0.553,174.9
395,1,1,0.526,140.5
395,1,1,0.617,135.8
400,1,0,0.772,139.2
400,1,0,0.659,131.4
400,2,0,0.955,174.1
400,1,0,0.843,147
400,1,0,1.004,137.7
400,1,0,0.756,119.7
400,1,0,1.081,86
400,2,0,0.794,124.6
400,1,0,1.272,144.2
400,2,0,0.755,137.3
400,2,0,0.555,183.9
400,2,0,0.692,213.4
400,2,0,1.14,141.5
400,2,0,0.96,179.7
400,2,0,1.051,180.3
400,1,0,0.481,102.9
400,1,0,1.27,103.2
400,2,0,0.569,208.1
400,2,0,0.639,172.8
400,1,0,1.001,138.2
400,2,1,0.778,149.3
400,1,1,0.966,145
400,1,1,1.143,130
400,2,1,1.07,163
400,2,1,0.656,158.4
400,1,1,0.564,128.9
400,2,1,0.701,165
400,2,1,0.535,185.5
400,2,1,0.75,184.5
400,2,1,0.574,186.2
400,2,1,0.597,174.1
400,1,1,0.93,115.6
400,1,1,0.621,133.1
400,1,1,0.587,103
400,2,1,0.888,111.4
400,1,1,1.514,113.8
400,1,1,0.973,117.5
400,1,1,1.811,149.7
400,1,1,1.521,138.5
400,2,1,0.554,144.2
405,2,0,0.916,192.1
405,2,0,0.942,132.9
405,1,0,0.869,152.2
405,2,0,0.882,152.6
405,2,0,0.762,160.9
405,2,0,0.927,153.7
405,1,0,0.411,152.2
405,1,0,0.694,128.6
405,1,0,0.771,124.9
405,1,0,0.66,136
405,2,0,0.716,162.4
405,2,0,0.987,165.1
405,2,0,0.989,174.4
405,1,0,0.757,117.1
405,1,0,0.377,136.5
405,2,0,1.036,172.4
405,1,0,0.747,139.1
405,1,0,0.639,143.9
405,1,0,0.405,123.1
405,1,1,0.655,118
405,2,1,0.825,149.6
405,2,1,0.904,164.3
405,1,1,0.591,102.3
405,2,1,0.693,157.5
405,2,1,0.85,151.7
405,1,1,0.633,114.6
405,1,1,0.722,139.7
405,2,1,0.931,146.4
405,1,1,0.845,152.6
405,1,1,0.593,132.6
405,2,1,0.858,170.2
405,2,1,0.954,189.5
405,2,1,0.58,163.5
405,2,1,0.9,186.7
405,1,1,0.759,154.3
405,1,1,0.712,126.3
405,1,1,0.785,117.1
405,1,1,0.711,148.3
405,2,1,1.134,157.6
410,2,0,0.744,167
410,1,0,0.487,136.5
410,2,0,0.566,173.5
410,2,0,0.633,157.6
410,2,0,0.589,180.4
410,1,0,0.338,117.7
410,1,0,0.586,108.1
410,1,0,0.559,116.7
410,1,0,0.668,138.2
410,2,0,0.807,189.8
410,1,0,0.423,177.3
410,1,0,0.695,131.7
410,2,0,0.683,173
410,1,0,0.735,150.5
410,2,0,0.198,113
410,2,0,0.433,132
410,1,0,0.556,132.8
410,1,0,0.354,133
410,2,0,0.808,186.4
410,2,0,0.514,127.1
410,1,1,0.429,174
410,1,1,0.826,141.9
410,1,1,0.808,142.2
410,1,1,0.728,143.7
410,2,1,0.759,140.4
410,1,1,0.88,138.4
410,2,1,0.691,164.7
410,2,1,0.412,135.7
410,1,1,0.929,143.1
410,1,1,0.651,158.2
410,1,1,0.824,123.1
410,1,1,0.828,150.1
410,2,1,0.498,110.9
410,1,1,0.935,131.9
410,1,1,0.769,147.1
410,2,1,0.729,153.7
410,2,1,0.652,186.1
410,2,1,0.717,154.5
410,2,1,0.586,146.3
410,1,1,0.649,158.3
415,1,0,0.753,144.1
415,1,0,0.482,145.3
415,1,0,0.546,142.3
415,1,0,0.693,163.9
415,1,0,0.627,163.3
415,1,0,0.443,115.9
415,1,0,0.496,157.9
415,2,0,0.429,187.5
415,2,0,0.558,163.9
415,1,0,0.786,158
415,2,0,0.753,160.3
415,2,0,0.713,190.8
415,1,0,0.484,135.3
415,2,0,0.557,181.6
415,2,0,0.68,180.8
415,2,0,0.411,181.3
415,1,0,0.746,150.9
415,1,0,0.439,152.4
415,2,0,0.279,176.4
415,2,0,0.509,162.3
415,1,1,1.02,172.3
415,1,1,0.743,130.2
415,1,1,0.891,158.8
415,2,1,0.668,166.7
415,2,1,0.532,147.2
415,2,1,0.436,168.7
415,2,1,0.282,167.2
415,1,1,0.698,121.1
415,2,1,0.649,159.5
415,1,1,0.638,145.4
415,1,1,0.598,128.9
415,2,1,0.452,161.6
415,1,1,0.497,98
415,2,1,0.755,164.2
415,1,1,0.55,122.8
415,2,1,0.905,165.1
415,2,1,0.597,157.6
415,2,1,0.626,150.4
415,1,1,0.383,94.6
415,1,1,1.028,113.5
420,2,0,0.637,174.1
420,2,0,0.886,170.2
420,2,0,0.393,139.8
420,1,0,0.536,108.3
420,2,0,0.346,91.6
420,1,0,0.586,130.2
420,1,0,0.689,143.4
420,2,0,0.937,164.3
420,1,0,0.578,109.9
420,1,0,0.936,112.1
420,1,0,0.984,116.9
420,1,0,0.688,143.9
420,2,0,0.749,160.8
420,2,0,0.493,100
420,2,0,0.304,144.4
420,1,0,0.712,144.5
420,1,0,0.49,132.1
420,1,0,0.692,150.4
420,2,0,0.657,140.9
420,2,1,0.713,160
420,1,1,0.872,128.6
420,1,1,1.143,123.5
420,2,1,0.668,157.9
420,2,1,0.706,128.5
420,1,1,0.742,141.3
420,1,1,1.025,128.3
420,1,1,0.453,105.6
420,1,1,1.502,112.9
420,1,1,1.186,170.8
420,1,1,1.48,139
420,1,1,0.66,138.2
420,1,1,0.936,102.2
420,2,1,0.705,153.7
420,1,1,1.451,140.4
420,2,1,0.609,143.3
420,2,1,1.338,129.6
420,2,1,0.709,176.4
420,2,1,0.558,144.4
420,2,1,0.46,141.3
420,2,1,0.245,106
425,1,0,0.991,162.4
425,2,0,0.646,132.8
425,1,0,0.794,156.7
425,1,0,0.812,132.8
425,1,0,0.539,140.5
425,2,0,0.57,187.2
425,1,0,0.498,121
425,2,0,0.481,152.4
425,2,0,0.692,203.2
425,1,0,0.399,126.6
425,1,0,0.444,134.9
425,1,0,0.824,115
425,2,0,0.515,141
425,1,0,0.56,125.1
425,2,0,0.553,152.5
425,2,0,0.612,177.6
425,2,0,0.744,199.5
425,2,0,0.88,133.8
425,2,0,0.689,188
425,2,0,0.502,156
425,1,0,0.822,142.3
425,2,1,0.821,171.3
425,2,1,0.937,166.6
425,2,1,0.806,152.2
425,1,1,1.172,116.1
425,1,1,0.783,110.7
425,2,1,0.877,167.7
425,2,1,0.897,174.4
425,1,1,0.594,167.2
425,1,1,1.147,145.1
425,2,1,0.732,159
425,1,1,1.147,112.7
425,1,1,0.529,143.1
425,1,1,0.602,140.6
425,1,1,0.44,116.8
425,2,1,0.536,150.2
425,2,1,0.523,121
425,2,1,0.537,168.7
425,2,1,0.879,124.8
425,1,1,0.947,111.5
425,1,1,1.412,159.9
430,2,0,0.638,127.9
430,2,0,0.423,93.6
430,1,0,1.297,144.2
430,1,0,1.177,145.3
430,2,0,0.392,145.4
430,2,0,0.764,164.7
430,2,0,0.706,136.6
430,2,0,0.723,121
430,1,0,0.695,143.8
430,1,0,0.974,126
430,1,0,0.6,110.7
430,1,0,1.068,139.8
430,1,0,1.166,137.8
430,1,0,0.75,140
430,2,0,0.769,128.7
430,1,0,0.653,149.8
430,2,0,0.604,183.4
430,1,0,0.697,149.4
430,2,0,0.476,164
430,2,0,0.653,156.3
430,1,1,1.324,145.6
430,2,1,0.982,205.9
430,1,1,1.029,143.3
430,1,1,0.847,141.5
430,2,1,0.572,134
430,2,1,1.162,164.2
430,2,1,0.64,176.7
430,2,1,1.092,113.6
430,2,1,0.958,144.5
430,2,1,0.361,158.1
430,1,1,0.592,139.5
430,1,1,0.81,161.5
430,1,1,0.95,112.9
430,1,1,0.701,130.9
430,2,1,0.999,190.8
430,2,1,0.607,166.1
430,1,1,1.035,158.5
430,1,1,0.862,170.5
430,2,1,1.09,194.4
430,2,1,0.696,206.7
435,2,0,0.693,147.9
435,2,0,1.234,156.7
435,1,0,0.563,134.5
435,1,0,0.674,137.9
435,2,0,0.996,181.4
435,2,0,1.081,164.9
435,1,0,1.033,169.3
435,1,0,0.699,92.5
435,2,0,0.904,124.6
435,2,0,0.737,114.7
435,1,0,0.739,118.7
435,2,0,1.057,162.7
435,2,0,0.972,136.8
435,2,0,1,166.3
435,2,0,0.868,133.8
435,1,0,0.753,119.2
435,1,0,0.438,123.2
435,1,0,0.609,92.2
435,1,0,0.642,111.1
435,1,0,0.502,108.5
435,2,1,1.481,165.3
435,2,1,1.179,150
435,2,1,1.154,154.8
435,2,1,1.069,173.9
435,2,1,1.328,148
435,1,1,0.857,128.4
435,1,1,0.723,139.9
435,1,1,1.122,146.5
435,1,1,0.661,116.4
435,1,1,0.768,154.9
435,2,1,1.234,210.2
435,1,1,0.916,125
435,2,1,1.06,155.2
435,1,1,1.018,127.6
435,2,1,1.394,172.8
435,2,1,1.327,212.4
435,2,1,1.46,198.1
435,2,1,1.24,158
435,1,1,0.648,142.7
435,1,1,0.929,150.8
440,2,0,0.798,163.3
440,1,0,1.138,102.4
440,2,0,0.604,116.3
440,1,0,0.591,136.3
440,1,0,0.961,116.7
440,1,0,0.596,114.7
440,1,0,0.517,115.7
440,1,0,0.732,108.7
440,2,0,0.774,159.3
440,2,0,0.754,122
440,2,0,0.679,128.9
440,2,0,0.619,122.3
440,2,0,0.59,120.5
440,2,0,0.955,167.8
440,2,0,0.876,173.6
440,2,0,0.785,148.7
440,1,0,0.696,106.4
440,1,0,0.276,90.1
440,1,0,0.575,102
440,1,1,0.646,138.7
440,1,1,0.454,141
440,2,1,0.97,181.8
440,1,1,0.5,131.4
440,2,1,0.854,155.8
440,1,1,0.654,137.9
440,2,1,0.817,156.8
440,1,1,0.641,116.7
440,2,1,0.802,174.5
440,2,1,0.672,168.8
440,2,1,0.836,164.6
440,1,1,0.437,131.3
440,1,1,0.468,126.8
440,2,1,0.734,168.7
440,1,1,0.666,151.9
440,1,1,0.845,169.8
440,2,1,1.086,207.3
440,1,1,0.8,143.6
440,2,1,0.649,168.8
445,2,0,0.875,186.6
445,2,0,0.89,157.6
445,2,0,0.89,144.7
445,2,0,0.73,160.4
445,1,0,0.562,130.3
445,2,0,0.949,130.8
445,2,0,0.847,126.6
445,2,0,1.031,149
445,2,0,0.714,113.6
445,1,0,0.522,121.9
445,2,0,0.948,120.8
445,2,0,0.595,114.1
445,2,0,0.95,178.9
445,1,0,0.74,112.2
445,1,0,0.651,99
445,1,0,0.772,150.1
445,1,0,0.473,130.6
445,1,0,0.426,138
445,1,0,0.471,129.2
445,2,1,0.936,168.3
445,2,1,1.207,196.8
445,2,1,0.882,198.9
445,2,1,0.884,144.3
445,1,1,0.472,136.5
445,1,1,0.748,135.9
445,2,1,0.801,155.7
445,1,1,0.928,168.4
445,2,1,0.577,145
445,1,1,0.586,124
445,1,1,1.062,151.8
445,1,1,0.719,119.4
445,1,1,0.868,137.4
445,1,1,0.445,136.3
445,2,1,0.841,149.1
445,1,1,0.784,141.1
445,2,1,0.88,143.8
445,2,1,0.941,146.9
445,1,1,0.479,129.3
445,2,1,1.141,191.8
450,1,0,0.831,106.8
450,1,0,0.445,104.4
450,1,0,0.606,114.3
450,2,0,0.897,149.8
450,2,0,0.568,158.2
450,2,0,0.939,155.2
450,1,0,0.572,103.3
450,2,0,1.315,125.4
450,1,0,0.623,134.5
450,2,0,1.197,144
450,2,0,1.613,169.2
450,2,0,1.499,136.2
450,2,0,1.682,135.2
450,2,0,1.329,118.2
450,2,0,0.752,146.5
450,2,0,1.693,148.1
450,1,0,0.538,127.5
450,1,0,0.518,118.6
450,1,0,0.501,117.2
450,1,0,0.512,108.6
450,2,1,0.861,186.2
450,2,1,0.995,202.2
450,2,1,1.587,186.6
450,2,1,0.95,152.2
450,2,1,1.347,188.4
450,2,1,1.953,195.7
450,2,1,1.898,183.2
450,2,1,1.185,155.1
450,2,1,1.542,187.3
450,2,1,1.654,153.9
450,2,1,1.263,176.4
450,1,1,0.425,137.3
450,1,1,1.194,169.9
450,2,1,1.199,166.8
450,2,1,1.81,159.3
450,2,1,1.255,165.7
450,1,1,0.843,143.2
450,2,1,2.139,215
450,2,1,2.258,194.5
450,2,1,1.609,140
455,2,0,1.207,125.2
455,2,0,1.168,148.4
455,1,0,0.432,102.9
455,2,0,1.652,194.4
455,2,0,1.338,164.6
455,2,0,1.311,179.3
455,2,0,1.537,176.4
455,2,0,1.59,188.3
455,2,0,1.27,151.2
455,2,0,1.426,159.9
455,2,0,1.071,115.4
455,1,0,0.82,102.3
455,2,0,1.03,141.4
455,1,0,0.879,105.6
455,2,0,1.234,133.2
455,1,0,0.371,110.4
455,1,0,1.003,108.4
455,1,0,0.607,98.6
455,1,0,0.546,103.8
455,1,0,0.735,93.2
455,2,1,1.14,175.6
455,1,1,1.131,131.5
455,2,1,1.008,177.3
455,2,1,1.379,195.4
455,2,1,0.897,133.2
455,1,1,1.209,124.4
455,2,1,1.231,170.5
455,2,1,1.323,143.9
455,1,1,0.818,134.8
455,1,1,1.18,146.9
455,1,1,0.605,140
455,2,1,1.231,202.7
455,1,1,0.718,147.5
455,2,1,1.402,227.8
455,2,1,1.337,236.8
455,1,1,1.057,141.7
455,2,1,1.131,146.1
455,2,1,1.251,113.4
455,1,1,0.966,116.4
455,1,1,0.705,154.2
470,2,0,1.08,197.6
470,2,0,1.082,189.7
470,2,0,0.824,137.6
470,2,0,0.988,104.2
470,1,0,0.733,119.2
470,2,0,0.787,141.5
470,1,0,0.732,128.6
470,1,0,0.452,94.2
470,1,0,0.551,107.3
470,1,0,0.807,120.7
470,2,0,0.784,125
470,1,0,0.829,116.9
470,2,0,1.011,141.7
470,2,0,1.203,162.2
470,1,0,0.479,118
470,2,0,0.875,159.5
470,1,0,0.752,141.4
470,2,0,1.06,165.8
470,1,0,0.716,164.7
470,2,1,1.361,201.1
470,2,1,1.399,220.3
470,1,1,0.836,154.2
470,2,1,1.232,213.4
470,1,1,0.733,178.2
470,1,1,0.517,146.4
470,2,1,1.158,148.3
470,2,1,0.978,131.5
470,1,1,0.384,158.2
470,2,1,1.397,210.8
470,2,1,1.369,155.4
470,2,1,1.231,140.6
470,2,1,1.511,192
470,1,1,0.729,158.7
470,1,1,0.608,142.6
470,1,1,0.892,154.9
470,1,1,0.985,142.3
470,1,1,0.572,144.8
470,1,1,0.628,152.2
475,2,0,1.301,158.1
475,2,0,0.883,145.9
475,1,0,0.663,131.7
475,1,0,0.77,174
475,2,0,1.7,198.5
475,2,0,0.821,172.7
475,1,0,0.647,110.8
475,1,0,0.643,132.7
475,1,0,0.876,162.8
475,2,0,1.903,176
475,1,0,0.916,101.6
475,1,0,0.886,181.9
475,1,0,0.883,148.9
475,1,0,0.966,164.5
475,2,0,1.054,175.2
475,2,0,1.8,157.3
475,2,0,1.031,129.9
475,2,0,1.162,139.8
475,2,0,1.092,132.6
475,1,0,1.031,165.7
475,2,1,1.039,166.5
475,1,1,0.948,152.2
475,1,1,0.433,151.3
475,1,1,0.91,167.1
475,1,1,0.685,151.2
475,1,1,0.561,142.9
475,2,1,1.286,186.8
475,2,1,1.276,153.4
475,2,1,1.277,211.4
475,2,1,1.488,216.5
475,1,1,0.994,178.6
475,1,1,0.961,170.9
475,2,1,1.631,220.5
475,2,1,1.384,159.4
475,2,1,1.39,166.6
475,2,1,1.469,159.5
475,2,1,1.566,156.4
475,1,1,0.938,130.9
475,2,1,1.199,174.8
490,2,0,1.099,197.8
490,1,0,1.017,133.7
490,2,0,0.615,132.2
490,2,0,1.061,228
490,1,0,0.718,162.5
490,1,0,1.073,159.1
490,2,0,1.118,149.1
490,2,0,1.162,167.9
490,1,0,1.044,171.4
490,1,0,0.959,137.7
490,1,0,0.867,164.1
490,1,0,0.83,167.6
490,1,0,1.048,135.8
490,2,0,1.428,192.4
490,2,0,1.029,193.5
490,2,0,1.179,178.6
490,2,0,1.221,128.7
490,1,0,1.076,181.2
490,1,0,0.97,144.2
490,2,0,0.975,185.8
490,2,1,1.217,199.8
490,1,1,0.798,114.6
490,1,1,0.624,149.3
490,1,1,0.869,124.8
490,2,1,1.011,185
490,2,1,1.302,162.2
490,1,1,0.856,146.2
490,1,1,1.024,138.8
490,1,1,0.773,130.3
490,2,1,0.85,185.8
490,1,1,1.16,160.3
490,1,1,1.075,128.6
490,2,1,1.097,160.7
490,2,1,1.37,210
490,2,1,0.953,152.2
490,1,1,1.223,151.7
490,2,1,1.177,154
490,2,1,1.073,196.5
490,1,1,0.912,151.3
490,1,1,0.908,164.6
515,1,0,0.932,136.3
515,2,0,1.391,182.7
515,1,0,0.941,150.8
515,2,0,1.494,150
515,2,0,1.142,142.6
515,2,0,1.393,172.3
515,1,0,0.709,101.4
515,1,0,0.57,143.1
515,2,0,1.596,203.6
515,2,0,1.152,155.6
515,2,0,1.33,157.9
515,1,0,0.809,151
515,1,0,0.753,126.7
515,2,0,1.406,215.7
515,1,0,0.793,131.9
515,1,0,0.426,110.5
515,1,0,0.728,141.1
515,2,0,1.47,199.6
515,2,0,1.419,148.2
515,1,0,0.72,111.4
515,2,1,1.32,220.6
515,2,1,1.296,190.1
515,2,1,1.392,186.3
515,1,1,0.925,155.3
515,1,1,1.009,153
515,1,1,0.835,117.3
515,2,1,1.505,175.9
515,2,1,1.648,207
515,1,1,0.861,135.8
515,1,1,0.86,132
515,2,1,1.625,199.6
515,1,1,0.692,118.1
515,1,1,0.515,91.7
515,2,1,1.526,204.5
515,2,1,1.737,185.3
515,1,1,0.905,122.9
515,2,1,1.368,196.8
515,1,1,0.716,168.8
520,2,0,0.866,177.5
520,1,0,0.964,146.3
520,2,0,0.86,178.6
520,1,0,0.943,139.5
520,2,0,0.835,191.6
520,1,0,0.892,176.1
520,2,0,0.704,177.9
520,2,0,0.779,179.7
520,1,0,1.048,147.9
520,2,0,0.986,180.2
520,2,0,0.881,177.6
520,1,0,0.717,149.1
520,2,0,0.893,169.3
520,2,0,1.057,220.6
520,2,0,1.058,185.4
520,1,0,0.565,120.8
520,1,0,0.6,131
520,1,0,0.688,128.9
520,1,0,0.591,118.1
520,1,0,0.569,158.5
520,1,1,0.729,163.6
520,2,1,0.78,147.1
520,1,1,0.698,124.7
520,1,1,0.676,119.8
520,2,1,0.668,126.2
520,1,1,0.565,146.2
520,2,1,0.44,127.2
520,2,1,0.682,182.2
520,1,1,0.855,145.8
520,1,1,0.769,149.8
520,1,1,0.618,124.4
520,1,1,0.639,132
520,2,1,0.684,156.6
520,2,1,0.877,187.2
520,2,1,0.638,116.1
520,2,1,0.527,125.9
520,1,1,0.615,117.2
520,2,1,0.896,173.9
520,2,1,0.83,192.6
